id,player_id,jogos_total,minutos_total,minutos_por_jogo,titularidades,gols_total,gols_por_90,gols_esperados_xg,xg_por_90,finalizacoes_total,finalizacoes_por_90,finalizacoes_no_gol,conversao_gols,grandes_chances_criadas,grandes_chances_perdidas,assistencias_total,assistencias_esperadas_xa,passes_total,passes_certos,passes_decisivos,passes_chave_por_90,passes_longos_certos,cruzamentos_total,cruzamentos_certos,cruzamentos_por_90,escanteios_cobrados,escanteios_cobrados_por_90,desarmes_total,interceptacoes_total,duelos_ganhos,duelos_totais,duelos_aereos_ganhos,dribles_certos,faltas_cometidas,faltas_cometidas_por_90,faltas_sofridas,cartoes_amarelos,cartoes_amarelos_por_90,cartoes_vermelhos,defesas,gols_sofridos,clean_sheets,off_index,cross_index,foul_index,periodo,updated_at,raw_stats,rating,penaltis_defendidos,gols_evitados,erros_para_gol,bolas_recuperadas,toques,xg,xa,chutes_total,chutes_no_gol,impedimentos,sofascore_stats_id
2,42,37,3330,0.00,37,0,0.000,0.000,0.000,0,0.00,0,0.00,0,0,0,0.000,949,778,0,0.00,162,0,0,0.00,0,0.00,0,0,16,0,7,1,0,0.00,10,2,0.000,0,90,24,18,0.000,0.000,0.000,Brasileirão 2025,2025-12-07 02:31:21.430432,"{""id"": 1906218, ""xa"": 0.24382629, ""tipo"": ""overall"", ""jogos"": 37, ""socos"": 17, ""cortes"": 31, ""toques"": 1254, ""defesas"": 90, ""nota_media"": 7.1702702702703, ""nota_total"": 265.3, ""saidas_gol"": 12, ""passes_total"": 949, ""duelos_ganhos"": 16, ""gols_evitados"": 9.1629, ""gols_sofridos"": 24, ""passes_certos"": 778, ""tiros_de_meta"": 122, ""titularidades"": 37, ""dribles_certos"": 1, ""erros_para_gol"": 3, ""passes_cavados"": 88, ""passes_errados"": 171, ""selecao_rodada"": 3, ""duelos_chao_pct"": 81.818181818182, ""duelos_perdidos"": 4, ""faltas_sofridas"": 10, ""jogos_avaliados"": 37, ""minutos_jogados"": 3330, ""posses_perdidas"": 176, ""cartoes_amarelos"": 2, ""dribles_sofridos"": 2, ""dribles_tentados"": 1, ""bolas_altas_pegou"": 39, ""defesas_fora_area"": 34, ""duelos_aereos_pct"": 77.777777777778, ""duelos_ganhos_pct"": 80, ""lancamentos_total"": 325, ""passes_certos_pct"": 81.981032665964, ""recuperacoes_bola"": 288, ""defesas_espalmadas"": 16, ""dribles_certos_pct"": 100, ""duelos_chao_ganhos"": 9, ""lancamentos_certos"": 162, ""saidas_gol_sucesso"": 10, ""defesas_dentro_area"": 55, ""passes_campo_ataque"": 188, ""passes_campo_defesa"": 761, ""penaltis_defendidos"": 3, ""duelos_aereos_ganhos"": 7, ""jogos_sem_sofrer_gol"": 18, ""penaltis_enfrentados"": 4, ""passes_cavados_certos"": 66, ""duelos_aereos_perdidos"": 2, ""erros_para_finalizacao"": 3, ""lancamentos_certos_pct"": 49.846153846154, ""gols_sofridos_fora_area"": 4, ""cruzamentos_nao_cortados"": 1, ""gols_sofridos_dentro_area"": 20, ""passes_terco_final_certos"": 22, ""passes_campo_ataque_certos"": 62, ""passes_campo_defesa_certos"": 716}",7.17,3,9.16,3,288,1254,0.00,0.24,0,0,0,1906218
4,27,0,0,0.00,0,0,0.000,0.000,0.000,0,0.00,0,0.00,0,0,0,0.000,0,0,0,0.00,0,0,0,0.00,0,0.00,0,0,0,0,0,0,0,0.00,0,0,0.000,0,0,0,0,0.000,0.000,0.000,Brasileirão 2025,2025-12-07 02:31:23.062113,"{""id"": 1906260, ""xa"": 1.51449482, ""xg"": 0.2398, ""tipo"": ""overall"", ""jogos"": 20, ""cortes"": 48, ""toques"": 1355, ""desarmes"": 14, ""bloqueios"": 3, ""desarmado"": 7, ""nota_media"": 7.03, ""nota_total"": 140.6, ""finalizacoes"": 8, ""impedimentos"": 1, ""passes_total"": 1013, ""duelos_ganhos"": 63, ""gols_sofridos"": 11, ""passes_certos"": 902, ""titularidades"": 19, ""dribles_certos"": 13, ""interceptacoes"": 18, ""passes_cavados"": 76, ""passes_errados"": 111, ""bloqueios_linha"": 7, ""desarmes_certos"": 7, ""duelos_chao_pct"": 41, ""duelos_perdidos"": 75, ""faltas_sofridas"": 16, ""jogos_avaliados"": 20, ""minutos_jogados"": 1548, ""posses_perdidas"": 171, ""cartoes_amarelos"": 4, ""dribles_sofridos"": 4, ""dribles_tentados"": 19, ""faltas_cometidas"": 44, ""passes_decisivos"": 11, ""cruzamentos_total"": 30, ""duelos_aereos_pct"": 57.894736842105, ""duelos_ganhos_pct"": 45.652173913043, ""lancamentos_total"": 85, ""passes_certos_pct"": 89.042448173741, ""recuperacoes_bola"": 70, ""cruzamentos_certos"": 9, ""dribles_certos_pct"": 68.421052631579, ""duelos_chao_ganhos"": 41, ""lancamentos_certos"": 46, ""desarmes_certos_pct"": 50, ""finalizacoes_no_gol"": 2, ""passes_campo_ataque"": 611, ""passes_campo_defesa"": 424, ""duelos_aereos_ganhos"": 22, ""jogos_sem_sofrer_gol"": 8, ""passes_cavados_certos"": 39, ""cruzamentos_certos_pct"": 30, ""duelos_aereos_perdidos"": 16, ""erros_para_finalizacao"": 2, ""finalizacoes_fora_area"": 3, ""finalizacoes_para_fora"": 3, ""lancamentos_certos_pct"": 54.117647058824, ""tentativas_assistencia"": 11, ""gols_sofridos_fora_area"": 2, ""grandes_chances_criadas"": 3, ""finalizacoes_dentro_area"": 5, ""gols_sofridos_dentro_area"": 9, ""passes_terco_final_certos"": 261, ""recuperacoes_terco_ataque"": 1, ""passes_campo_ataque_certos"": 519, ""passes_campo_defesa_certos"": 388}",,0,,0,0,0,,,0,0,0,
5,19,0,0,0.00,0,0,0.000,0.000,0.000,0,0.00,0,0.00,0,0,0,0.000,0,0,0,0.00,0,0,0,0.00,0,0.00,0,0,0,0,0,0,0,0.00,0,0,0.000,0,0,0,0,0.000,0.000,0.000,Brasileirão 2025,2025-12-07 02:31:23.832039,"{""id"": 1941478, ""xa"": 0.46824498, ""xg"": 0.178, ""tipo"": ""overall"", ""jogos"": 13, ""cortes"": 8, ""toques"": 637, ""desarmes"": 6, ""bloqueios"": 3, ""desarmado"": 4, ""nota_media"": 6.9, ""nota_total"": 82.8, ""finalizacoes"": 6, ""passes_total"": 550, ""duelos_ganhos"": 20, ""gols_sofridos"": 2, ""passes_certos"": 513, ""titularidades"": 9, ""dribles_certos"": 4, ""interceptacoes"": 9, ""passes_cavados"": 39, ""passes_errados"": 37, ""bloqueios_linha"": 4, ""desarmes_certos"": 4, ""duelos_chao_pct"": 43.589743589744, ""duelos_perdidos"": 26, ""faltas_sofridas"": 7, ""jogos_avaliados"": 12, ""minutos_jogados"": 694, ""posses_perdidas"": 55, ""cartoes_amarelos"": 2, ""dribles_tentados"": 7, ""faltas_cometidas"": 18, ""passes_decisivos"": 5, ""duelos_aereos_pct"": 42.857142857143, ""duelos_ganhos_pct"": 43.478260869565, ""lancamentos_total"": 42, ""passes_certos_pct"": 93.272727272727, ""recuperacoes_bola"": 32, ""dribles_certos_pct"": 57.142857142857, ""duelos_chao_ganhos"": 17, ""lancamentos_certos"": 27, ""desarmes_certos_pct"": 66.666666666667, ""finalizacoes_no_gol"": 2, ""passes_campo_ataque"": 313, ""passes_campo_defesa"": 237, ""duelos_aereos_ganhos"": 3, ""jogos_sem_sofrer_gol"": 3, ""passes_cavados_certos"": 28, ""duelos_aereos_perdidos"": 4, ""finalizacoes_fora_area"": 5, ""finalizacoes_para_fora"": 1, ""lancamentos_certos_pct"": 64.285714285714, ""tentativas_assistencia"": 5, ""finalizacoes_dentro_area"": 1, ""gols_sofridos_dentro_area"": 2, ""passes_terco_final_certos"": 122, ""passes_campo_ataque_certos"": 290, ""passes_campo_defesa_certos"": 223}",,0,,0,0,0,,,0,0,0,
7,2,0,0,0.00,0,0,0.000,0.000,0.000,0,0.00,0,0.00,0,0,0,0.000,0,0,0,0.00,0,0,0,0.00,0,0.00,0,0,0,0,0,0,0,0.00,0,0,0.000,0,0,0,0,0.000,0.000,0.000,Brasileirão 2025,2025-12-07 02:31:25.19515,"{""id"": 1906254, ""xa"": 2.56393018, ""xg"": 7.2127, ""gols"": 8, ""tipo"": ""overall"", ""jogos"": 32, ""cortes"": 7, ""toques"": 752, ""desarmes"": 21, ""bloqueios"": 13, ""desarmado"": 29, ""nota_media"": 6.95625, ""nota_total"": 222.6, ""gols_cabeca"": 1, ""finalizacoes"": 56, ""gols_penalti"": 1, ""impedimentos"": 15, ""passes_total"": 402, ""duelos_ganhos"": 120, ""gols_sofridos"": 15, ""passes_certos"": 310, ""titularidades"": 20, ""dribles_certos"": 23, ""gols_fora_area"": 1, ""interceptacoes"": 4, ""passes_cavados"": 12, ""passes_errados"": 92, ""selecao_rodada"": 2, ""desarmes_certos"": 13, ""duelos_chao_pct"": 45.604395604396, ""duelos_perdidos"": 143, ""faltas_sofridas"": 39, ""frequencia_gols"": 228.25, ""gols_pe_direito"": 4, ""jogos_avaliados"": 32, ""minutos_jogados"": 1826, ""posses_perdidas"": 226, ""cartoes_amarelos"": 8, ""dribles_sofridos"": 9, ""dribles_tentados"": 43, ""faltas_cometidas"": 44, ""gols_dentro_area"": 7, ""gols_pe_esquerdo"": 3, ""passes_decisivos"": 21, ""cruzamentos_total"": 16, ""duelos_aereos_pct"": 45.679012345679, ""duelos_ganhos_pct"": 45.627376425856, ""lancamentos_total"": 7, ""passes_certos_pct"": 77.114427860697, ""penaltis_cobrados"": 1, ""penaltis_sofridos"": 1, ""recuperacoes_bola"": 43, ""conversao_gols_pct"": 14.285714285714, ""conversao_penaltis"": 100, ""cruzamentos_certos"": 6, ""dribles_certos_pct"": 53.488372093023, ""duelos_chao_ganhos"": 83, ""lancamentos_certos"": 2, ""desarmes_certos_pct"": 61.904761904762, ""finalizacoes_no_gol"": 23, ""passes_campo_ataque"": 338, ""passes_campo_defesa"": 79, ""duelos_aereos_ganhos"": 37, ""jogos_sem_sofrer_gol"": 1, ""passes_cavados_certos"": 7, ""cruzamentos_certos_pct"": 37.5, ""duelos_aereos_perdidos"": 44, ""finalizacoes_fora_area"": 18, ""finalizacoes_para_fora"": 20, ""gols_mais_assistencias"": 8, ""lancamentos_certos_pct"": 28.571428571429, ""tentativas_assistencia"": 21, ""gols_sofridos_fora_area"": 3, ""grandes_chances_criadas"": 5, ""finalizacoes_dentro_area"": 38, ""grandes_chances_perdidas"": 3, ""gols_sofridos_dentro_area"": 12, ""passes_terco_final_certos"": 156, ""recuperacoes_terco_ataque"": 11, ""passes_campo_ataque_certos"": 250, ""passes_campo_defesa_certos"": 65}",,0,,0,0,0,,,0,0,0,
8,23,0,0,0.00,0,0,0.000,0.000,0.000,0,0.00,0,0.00,0,0,0,0.000,0,0,0,0.00,0,0,0,0.00,0,0.00,0,0,0,0,0,0,0,0.00,0,0,0.000,0,0,0,0,0.000,0.000,0.000,Brasileirão 2025,2025-12-07 02:31:25.982585,"{""id"": 2519386, ""xa"": 0.00133993, ""tipo"": ""overall"", ""jogos"": 1, ""cortes"": 1, ""toques"": 6, ""nota_media"": 6.5, ""nota_total"": 6.5, ""passes_total"": 3, ""duelos_ganhos"": 1, ""gols_sofridos"": 1, ""passes_certos"": 3, ""duelos_chao_pct"": 100, ""faltas_sofridas"": 1, ""jogos_avaliados"": 1, ""minutos_jogados"": 27, ""duelos_ganhos_pct"": 100, ""passes_certos_pct"": 100, ""duelos_chao_ganhos"": 1, ""passes_campo_ataque"": 2, ""passes_campo_defesa"": 1, ""gols_sofridos_dentro_area"": 1, ""passes_terco_final_certos"": 1, ""passes_campo_ataque_certos"": 2, ""passes_campo_defesa_certos"": 1}",,0,,0,0,0,,,0,0,0,
10,38,0,0,0.00,0,0,0.000,0.000,0.000,0,0.00,0,0.00,0,0,0,0.000,0,0,0,0.00,0,0,0,0.00,0,0.00,0,0,0,0,0,0,0,0.00,0,0,0.000,0,0,0,0,0.000,0.000,0.000,Brasileirão 2025,2025-12-07 02:31:29.699347,"{""id"": 2519400, ""xa"": 0.0881198, ""xg"": 0.0991, ""tipo"": ""overall"", ""jogos"": 1, ""cortes"": 5, ""toques"": 48, ""desarmes"": 1, ""nota_media"": 6.8, ""nota_total"": 6.8, ""finalizacoes"": 1, ""passes_total"": 31, ""duelos_ganhos"": 6, ""gols_sofridos"": 3, ""passes_certos"": 27, ""titularidades"": 1, ""dribles_certos"": 3, ""interceptacoes"": 1, ""passes_errados"": 4, ""desarmes_certos"": 1, ""duelos_chao_pct"": 80, ""duelos_perdidos"": 2, ""jogos_avaliados"": 1, ""minutos_jogados"": 69, ""posses_perdidas"": 8, ""dribles_tentados"": 4, ""passes_decisivos"": 1, ""cruzamentos_total"": 2, ""duelos_aereos_pct"": 66.666666666667, ""duelos_ganhos_pct"": 75, ""lancamentos_total"": 2, ""passes_certos_pct"": 87.096774193548, ""recuperacoes_bola"": 8, ""cruzamentos_certos"": 1, ""dribles_certos_pct"": 75, ""duelos_chao_ganhos"": 4, ""lancamentos_certos"": 1, ""desarmes_certos_pct"": 100, ""passes_campo_ataque"": 10, ""passes_campo_defesa"": 21, ""duelos_aereos_ganhos"": 2, ""cruzamentos_certos_pct"": 50, ""duelos_aereos_perdidos"": 1, ""finalizacoes_para_fora"": 1, ""lancamentos_certos_pct"": 50, ""tentativas_assistencia"": 1, ""finalizacoes_dentro_area"": 1, ""gols_sofridos_dentro_area"": 3, ""passes_terco_final_certos"": 4, ""recuperacoes_terco_ataque"": 1, ""passes_campo_ataque_certos"": 7, ""passes_campo_defesa_certos"": 20}",,0,,0,0,0,,,0,0,0,
6,32,0,0,0.00,0,0,0.000,0.000,0.000,0,0.00,0,0.00,0,0,0,0.000,0,0,0,0.00,0,0,0,0.00,0,0.00,0,0,0,0,0,0,0,0.00,0,0,0.000,0,0,0,0,0.000,0.000,0.000,Brasileirão 2025,2025-12-07 02:31:24.549526,"{""id"": 1906222, ""xa"": 1.29812145, ""xg"": 1.3099, ""gols"": 2, ""tipo"": ""overall"", ""jogos"": 18, ""cortes"": 26, ""toques"": 1150, ""desarmes"": 31, ""bloqueios"": 4, ""desarmado"": 4, ""nota_media"": 7.2411764705882, ""nota_total"": 123.1, ""finalizacoes"": 16, ""passes_total"": 827, ""duelos_ganhos"": 84, ""gols_sofridos"": 10, ""passes_certos"": 758, ""titularidades"": 13, ""dribles_certos"": 11, ""gols_fora_area"": 1, ""interceptacoes"": 9, ""passes_cavados"": 25, ""passes_errados"": 69, ""selecao_rodada"": 1, ""bloqueios_linha"": 5, ""desarmes_certos"": 26, ""duelos_chao_pct"": 56.363636363636, ""duelos_perdidos"": 65, ""faltas_sofridas"": 20, ""frequencia_gols"": 615.5, ""gols_pe_direito"": 1, ""jogos_avaliados"": 17, ""minutos_jogados"": 1231, ""posses_perdidas"": 133, ""cartoes_amarelos"": 5, ""dribles_sofridos"": 13, ""dribles_tentados"": 21, ""faltas_cometidas"": 23, ""gols_dentro_area"": 1, ""gols_pe_esquerdo"": 1, ""passes_decisivos"": 10, ""cruzamentos_total"": 38, ""duelos_aereos_pct"": 56.410256410256, ""duelos_ganhos_pct"": 56.375838926174, ""lancamentos_total"": 47, ""passes_certos_pct"": 91.656590084643, ""recuperacoes_bola"": 61, ""conversao_gols_pct"": 12.5, ""cruzamentos_certos"": 11, ""dribles_certos_pct"": 52.380952380952, ""duelos_chao_ganhos"": 62, ""lancamentos_certos"": 27, ""penaltis_cometidos"": 1, ""desarmes_certos_pct"": 83.870967741935, ""finalizacoes_no_gol"": 6, ""passes_campo_ataque"": 511, ""passes_campo_defesa"": 330, ""duelos_aereos_ganhos"": 22, ""jogos_sem_sofrer_gol"": 3, ""passes_cavados_certos"": 16, ""cruzamentos_certos_pct"": 28.947368421053, ""duelos_aereos_perdidos"": 17, ""finalizacoes_fora_area"": 11, ""finalizacoes_para_fora"": 6, ""gols_mais_assistencias"": 2, ""lancamentos_certos_pct"": 57.446808510638, ""tentativas_assistencia"": 10, ""gols_sofridos_fora_area"": 2, ""grandes_chances_criadas"": 1, ""finalizacoes_dentro_area"": 5, ""grandes_chances_perdidas"": 2, ""gols_sofridos_dentro_area"": 8, ""passes_terco_final_certos"": 207, ""passes_campo_ataque_certos"": 437, ""passes_campo_defesa_certos"": 308}",,0,,0,0,0,,,0,0,0,
9,34,0,0,0.00,0,0,0.000,0.000,0.000,0,0.00,0,0.00,0,0,0,0.000,0,0,0,0.00,0,0,0,0.00,0,0.00,0,0,0,0,0,0,0,0.00,0,0,0.000,0,0,0,0,0.000,0.000,0.000,Brasileirão 2025,2025-12-07 02:31:27.519266,"{""id"": 2081803, ""xa"": 0.0085993, ""tipo"": ""overall"", ""jogos"": 2, ""cortes"": 7, ""toques"": 66, ""desarmes"": 3, ""nota_media"": 7, ""nota_total"": 14, ""passes_total"": 46, ""duelos_ganhos"": 6, ""gols_sofridos"": 1, ""passes_certos"": 41, ""tiros_de_meta"": 2, ""interceptacoes"": 2, ""passes_cavados"": 1, ""passes_errados"": 5, ""bloqueios_linha"": 2, ""desarmes_certos"": 2, ""duelos_chao_pct"": 83.333333333333, ""duelos_perdidos"": 1, ""faltas_sofridas"": 2, ""jogos_avaliados"": 2, ""minutos_jogados"": 82, ""posses_perdidas"": 7, ""faltas_cometidas"": 1, ""duelos_aereos_pct"": 100, ""duelos_ganhos_pct"": 85.714285714286, ""lancamentos_total"": 5, ""passes_certos_pct"": 89.130434782609, ""recuperacoes_bola"": 1, ""duelos_chao_ganhos"": 5, ""lancamentos_certos"": 3, ""desarmes_certos_pct"": 66.666666666667, ""passes_campo_ataque"": 22, ""passes_campo_defesa"": 24, ""duelos_aereos_ganhos"": 1, ""passes_cavados_certos"": 1, ""lancamentos_certos_pct"": 60, ""gols_sofridos_dentro_area"": 1, ""passes_terco_final_certos"": 3, ""passes_campo_ataque_certos"": 17, ""passes_campo_defesa_certos"": 24}",,0,,0,0,0,,,0,0,0,
11,26,0,0,0.00,0,0,0.000,0.000,0.000,0,0.00,0,0.00,0,0,0,0.000,0,0,0,0.00,0,0,0,0.00,0,0.00,0,0,0,0,0,0,0,0.00,0,0,0.000,0,0,0,0,0.000,0.000,0.000,Brasileirão 2025,2025-12-07 02:31:33.998727,"{""id"": 1949402, ""xa"": 1.21881747, ""xg"": 1.2231, ""gols"": 1, ""tipo"": ""overall"", ""jogos"": 20, ""cortes"": 58, ""toques"": 1513, ""desarmes"": 10, ""desarmado"": 1, ""nota_media"": 6.92, ""nota_total"": 138.4, ""gols_cabeca"": 1, ""assistencias"": 1, ""finalizacoes"": 6, ""passes_total"": 1369, ""duelos_ganhos"": 38, ""gols_sofridos"": 11, ""passes_certos"": 1274, ""tiros_de_meta"": 5, ""titularidades"": 14, ""dribles_certos"": 2, ""interceptacoes"": 14, ""passes_cavados"": 85, ""passes_errados"": 95, ""selecao_rodada"": 2, ""bloqueios_linha"": 6, ""desarmes_certos"": 8, ""duelos_chao_pct"": 41.463414634146, ""duelos_perdidos"": 44, ""faltas_sofridas"": 6, ""frequencia_gols"": 1409, ""jogos_avaliados"": 20, ""minutos_jogados"": 1409, ""posses_perdidas"": 111, ""cartoes_amarelos"": 2, ""dribles_sofridos"": 7, ""dribles_tentados"": 3, ""faltas_cometidas"": 15, ""gols_dentro_area"": 1, ""passes_decisivos"": 9, ""cartoes_vermelhos"": 1, ""cruzamentos_total"": 15, ""duelos_aereos_pct"": 51.219512195122, ""duelos_ganhos_pct"": 46.341463414634, ""lancamentos_total"": 109, ""passes_certos_pct"": 93.060628195763, ""recuperacoes_bola"": 70, ""conversao_gols_pct"": 16.666666666667, ""cruzamentos_certos"": 5, ""dribles_certos_pct"": 66.666666666667, ""duelos_chao_ganhos"": 17, ""lancamentos_certos"": 65, ""desarmes_certos_pct"": 80, ""finalizacoes_no_gol"": 3, ""passes_campo_ataque"": 679, ""passes_campo_defesa"": 695, ""duelos_aereos_ganhos"": 21, ""jogos_sem_sofrer_gol"": 6, ""passes_cavados_certos"": 48, ""cruzamentos_certos_pct"": 33.333333333333, ""duelos_aereos_perdidos"": 20, ""finalizacoes_para_fora"": 3, ""gols_mais_assistencias"": 2, ""lancamentos_certos_pct"": 59.633027522936, ""tentativas_assistencia"": 9, ""gols_sofridos_fora_area"": 1, ""grandes_chances_criadas"": 3, ""finalizacoes_dentro_area"": 6, ""grandes_chances_perdidas"": 1, ""cartoes_vermelhos_diretos"": 1, ""gols_sofridos_dentro_area"": 10, ""passes_terco_final_certos"": 221, ""recuperacoes_terco_ataque"": 2, ""passes_campo_ataque_certos"": 599, ""passes_campo_defesa_certos"": 671}",,0,,0,0,0,,,0,0,0,
21,6,0,0,0.00,0,0,0.000,0.000,0.000,0,0.00,0,0.00,0,0,0,0.000,0,0,0,0.00,0,0,0,0.00,0,0.00,0,0,0,0,0,0,0,0.00,0,0,0.000,0,0,0,0,0.000,0.000,0.000,Brasileirão 2025,2025-12-07 02:31:35.406023,"{""id"": 2460091, ""xa"": 0.1056917, ""xg"": 0.6683, ""gols"": 2, ""tipo"": ""overall"", ""jogos"": 2, ""toques"": 32, ""desarmado"": 1, ""nota_media"": 7.4, ""nota_total"": 14.8, ""finalizacoes"": 5, ""passes_total"": 21, ""duelos_ganhos"": 2, ""gols_sofridos"": 3, ""passes_certos"": 15, ""titularidades"": 1, ""dribles_certos"": 1, ""interceptacoes"": 1, ""passes_cavados"": 1, ""passes_errados"": 6, ""duelos_chao_pct"": 28.571428571429, ""duelos_perdidos"": 5, ""faltas_sofridas"": 1, ""frequencia_gols"": 42, ""gols_pe_direito"": 1, ""jogos_avaliados"": 2, ""minutos_jogados"": 84, ""posses_perdidas"": 8, ""dribles_sofridos"": 4, ""dribles_tentados"": 1, ""gols_dentro_area"": 2, ""gols_pe_esquerdo"": 1, ""passes_decisivos"": 1, ""cruzamentos_total"": 1, ""duelos_ganhos_pct"": 28.571428571429, ""lancamentos_total"": 2, ""passes_certos_pct"": 71.428571428571, ""recuperacoes_bola"": 3, ""conversao_gols_pct"": 40, ""cruzamentos_certos"": 1, ""dribles_certos_pct"": 100, ""duelos_chao_ganhos"": 2, ""finalizacoes_no_gol"": 3, ""passes_campo_ataque"": 15, ""passes_campo_defesa"": 6, ""cruzamentos_certos_pct"": 100, ""finalizacoes_fora_area"": 1, ""finalizacoes_para_fora"": 2, ""gols_mais_assistencias"": 2, ""tentativas_assistencia"": 1, ""grandes_chances_criadas"": 1, ""finalizacoes_dentro_area"": 4, ""gols_sofridos_dentro_area"": 3, ""passes_terco_final_certos"": 8, ""recuperacoes_terco_ataque"": 1, ""passes_campo_ataque_certos"": 10, ""passes_campo_defesa_certos"": 5}",,0,,0,0,0,,,0,0,0,
47,41,0,0,0.00,0,0,0.000,0.000,0.000,0,0.00,0,0.00,0,0,0,0.000,0,0,0,0.00,0,0,0,0.00,0,0.00,0,0,0,0,0,0,0,0.00,0,0,0.000,0,0,0,0,0.000,0.000,0.000,Brasileirão 2025,2025-12-07 02:32:13.143083,"{""id"": 2519390, ""xa"": 0.00002098, ""tipo"": ""overall"", ""jogos"": 1, ""cortes"": 1, ""toques"": 6, ""desarmes"": 1, ""nota_media"": 6.6, ""nota_total"": 6.6, ""passes_total"": 2, ""duelos_ganhos"": 1, ""passes_certos"": 1, ""passes_errados"": 1, ""duelos_chao_pct"": 100, ""jogos_avaliados"": 1, ""minutos_jogados"": 21, ""posses_perdidas"": 3, ""duelos_ganhos_pct"": 100, ""passes_certos_pct"": 50, ""duelos_chao_ganhos"": 1, ""passes_campo_ataque"": 1, ""passes_campo_defesa"": 1, ""passes_campo_defesa_certos"": 1}",,0,,0,0,0,,,0,0,0,
22,44,0,0,0.00,0,0,0.000,0.000,0.000,0,0.00,0,0.00,0,0,0,0.000,0,0,0,0.00,0,0,0,0.00,0,0.00,0,0,0,0,0,0,0,0.00,0,0,0.000,0,0,0,0,0.000,0.000,0.000,Brasileirão 2025,2025-12-07 02:31:36.061101,"{""id"": 2519384, ""xa"": 0.00310017, ""tipo"": ""overall"", ""jogos"": 1, ""cortes"": 2, ""toques"": 48, ""defesas"": 5, ""nota_media"": 7.2, ""nota_total"": 7.2, ""saidas_gol"": 2, ""passes_total"": 34, ""duelos_ganhos"": 1, ""gols_evitados"": 0.5232, ""gols_sofridos"": 3, ""passes_certos"": 16, ""tiros_de_meta"": 9, ""titularidades"": 1, ""passes_cavados"": 4, ""passes_errados"": 18, ""defesas_seguras"": 1, ""duelos_chao_pct"": 100, ""faltas_sofridas"": 1, ""jogos_avaliados"": 1, ""minutos_jogados"": 90, ""posses_perdidas"": 18, ""defesas_fora_area"": 1, ""duelos_ganhos_pct"": 100, ""lancamentos_total"": 23, ""passes_certos_pct"": 47.058823529412, ""recuperacoes_bola"": 6, ""defesas_espalmadas"": 1, ""duelos_chao_ganhos"": 1, ""lancamentos_certos"": 5, ""saidas_gol_sucesso"": 2, ""defesas_dentro_area"": 4, ""passes_campo_ataque"": 19, ""passes_campo_defesa"": 15, ""passes_cavados_certos"": 4, ""lancamentos_certos_pct"": 21.739130434783, ""gols_sofridos_dentro_area"": 3, ""passes_terco_final_certos"": 2, ""passes_campo_ataque_certos"": 3, ""passes_campo_defesa_certos"": 13}",,0,,0,0,0,,,0,0,0,
23,29,0,0,0.00,0,0,0.000,0.000,0.000,0,0.00,0,0.00,0,0,0,0.000,0,0,0,0.00,0,0,0,0.00,0,0.00,0,0,0,0,0,0,0,0.00,0,0,0.000,0,0,0,0,0.000,0.000,0.000,Brasileirão 2025,2025-12-07 02:31:37.077456,"{""id"": 2099562, ""xa"": 1.8227714, ""xg"": 0.6236, ""gols"": 1, ""tipo"": ""overall"", ""jogos"": 15, ""cortes"": 28, ""toques"": 974, ""desarmes"": 29, ""bloqueios"": 3, ""desarmado"": 7, ""nota_media"": 7.3, ""nota_total"": 102.2, ""gols_cabeca"": 1, ""assistencias"": 1, ""finalizacoes"": 15, ""passes_total"": 637, ""duelos_ganhos"": 92, ""gols_sofridos"": 14, ""passes_certos"": 560, ""titularidades"": 14, ""dribles_certos"": 7, ""interceptacoes"": 20, ""passes_cavados"": 23, ""passes_errados"": 77, ""selecao_rodada"": 3, ""bloqueios_linha"": 1, ""desarmes_certos"": 18, ""duelos_chao_pct"": 61.616161616162, ""duelos_perdidos"": 61, ""faltas_sofridas"": 25, ""frequencia_gols"": 1249, ""jogos_avaliados"": 14, ""minutos_jogados"": 1249, ""posses_perdidas"": 142, ""cartoes_amarelos"": 1, ""dribles_sofridos"": 9, ""dribles_tentados"": 14, ""faltas_cometidas"": 18, ""gols_dentro_area"": 1, ""passes_decisivos"": 15, ""cruzamentos_total"": 47, ""duelos_aereos_pct"": 57.407407407407, ""duelos_ganhos_pct"": 60.130718954248, ""lancamentos_total"": 18, ""passes_certos_pct"": 87.912087912088, ""recuperacoes_bola"": 48, ""conversao_gols_pct"": 6.6666666666667, ""cruzamentos_certos"": 13, ""dribles_certos_pct"": 50, ""duelos_chao_ganhos"": 61, ""lancamentos_certos"": 8, ""desarmes_certos_pct"": 62.068965517241, ""finalizacoes_no_gol"": 6, ""passes_campo_ataque"": 443, ""passes_campo_defesa"": 225, ""duelos_aereos_ganhos"": 31, ""jogos_sem_sofrer_gol"": 3, ""passes_cavados_certos"": 14, ""cruzamentos_certos_pct"": 27.659574468085, ""duelos_aereos_perdidos"": 23, ""erros_para_finalizacao"": 2, ""finalizacoes_fora_area"": 5, ""finalizacoes_para_fora"": 6, ""gols_mais_assistencias"": 2, ""lancamentos_certos_pct"": 44.444444444444, ""tentativas_assistencia"": 15, ""gols_sofridos_fora_area"": 2, ""grandes_chances_criadas"": 3, ""finalizacoes_dentro_area"": 10, ""gols_sofridos_dentro_area"": 12, ""passes_terco_final_certos"": 202, ""recuperacoes_terco_ataque"": 4, ""passes_campo_ataque_certos"": 360, ""passes_campo_defesa_certos"": 197}",,0,,0,0,0,,,0,0,0,
24,17,0,0,0.00,0,0,0.000,0.000,0.000,0,0.00,0,0.00,0,0,0,0.000,0,0,0,0.00,0,0,0,0.00,0,0.00,0,0,0,0,0,0,0,0.00,0,0,0.000,0,0,0,0,0.000,0.000,0.000,Brasileirão 2025,2025-12-07 02:31:37.881896,"{""id"": 1906258, ""xa"": 1.49831274, ""xg"": 0.2685, ""gols"": 1, ""tipo"": ""overall"", ""jogos"": 17, ""cortes"": 20, ""toques"": 1068, ""desarmes"": 18, ""bloqueios"": 1, ""desarmado"": 5, ""nota_media"": 7.0294117647059, ""nota_total"": 119.5, ""gols_cabeca"": 1, ""finalizacoes"": 7, ""passes_total"": 919, ""duelos_ganhos"": 53, ""gols_sofridos"": 11, ""passes_certos"": 863, ""titularidades"": 15, ""dribles_certos"": 4, ""erros_para_gol"": 1, ""interceptacoes"": 24, ""passes_cavados"": 24, ""passes_errados"": 56, ""selecao_rodada"": 1, ""bloqueios_linha"": 3, ""desarmes_certos"": 13, ""duelos_chao_pct"": 43.589743589744, ""duelos_perdidos"": 53, ""faltas_sofridas"": 12, ""frequencia_gols"": 1244, ""jogos_avaliados"": 17, ""minutos_jogados"": 1244, ""posses_perdidas"": 85, ""cartoes_amarelos"": 7, ""dribles_sofridos"": 13, ""dribles_tentados"": 8, ""faltas_cometidas"": 24, ""gols_dentro_area"": 1, ""passes_decisivos"": 14, ""cruzamentos_total"": 11, ""duelos_aereos_pct"": 67.857142857143, ""duelos_ganhos_pct"": 50, ""lancamentos_total"": 26, ""passes_certos_pct"": 93.906420021763, ""recuperacoes_bola"": 68, ""conversao_gols_pct"": 14.285714285714, ""cruzamentos_certos"": 3, ""dribles_certos_pct"": 50, ""duelos_chao_ganhos"": 34, ""lancamentos_certos"": 21, ""desarmes_certos_pct"": 72.222222222222, ""finalizacoes_no_gol"": 4, ""passes_campo_ataque"": 525, ""passes_campo_defesa"": 403, ""duelos_aereos_ganhos"": 19, ""jogos_sem_sofrer_gol"": 3, ""passes_cavados_certos"": 14, ""cruzamentos_certos_pct"": 27.272727272727, ""duelos_aereos_perdidos"": 9, ""erros_para_finalizacao"": 1, ""finalizacoes_fora_area"": 3, ""finalizacoes_para_fora"": 2, ""gols_mais_assistencias"": 1, ""lancamentos_certos_pct"": 80.769230769231, ""tentativas_assistencia"": 14, ""gols_sofridos_fora_area"": 3, ""grandes_chances_criadas"": 1, ""finalizacoes_dentro_area"": 4, ""gols_sofridos_dentro_area"": 8, ""passes_terco_final_certos"": 191, ""recuperacoes_terco_ataque"": 3, ""passes_campo_ataque_certos"": 481, ""passes_campo_defesa_certos"": 383}",,0,,0,0,0,,,0,0,0,
25,16,0,0,0.00,0,0,0.000,0.000,0.000,0,0.00,0,0.00,0,0,0,0.000,0,0,0,0.00,0,0,0,0.00,0,0.00,0,0,0,0,0,0,0,0.00,0,0,0.000,0,0,0,0,0.000,0.000,0.000,Brasileirão 2025,2025-12-07 02:31:38.506236,"{""id"": 1906227, ""xa"": 1.6692245, ""xg"": 2.2757, ""gols"": 1, ""tipo"": ""overall"", ""jogos"": 23, ""cortes"": 2, ""toques"": 543, ""desarmes"": 12, ""bloqueios"": 8, ""desarmado"": 16, ""nota_media"": 6.8, ""nota_total"": 156.4, ""assistencias"": 3, ""finalizacoes"": 30, ""impedimentos"": 3, ""passes_total"": 324, ""duelos_ganhos"": 50, ""gols_sofridos"": 5, ""passes_certos"": 266, ""titularidades"": 9, ""bolas_na_trave"": 2, ""dribles_certos"": 22, ""gols_fora_area"": 1, ""interceptacoes"": 4, ""passes_cavados"": 15, ""passes_errados"": 58, ""selecao_rodada"": 1, ""desarmes_certos"": 8, ""duelos_chao_pct"": 36.363636363636, ""duelos_perdidos"": 83, ""faltas_sofridas"": 6, ""frequencia_gols"": 880, ""gols_pe_direito"": 1, ""jogos_avaliados"": 23, ""minutos_jogados"": 880, ""posses_perdidas"": 152, ""dribles_sofridos"": 7, ""dribles_tentados"": 56, ""faltas_cometidas"": 13, ""passes_decisivos"": 11, ""cruzamentos_total"": 24, ""duelos_aereos_pct"": 43.478260869565, ""duelos_ganhos_pct"": 37.593984962406, ""lancamentos_total"": 10, ""passes_certos_pct"": 82.098765432099, ""recuperacoes_bola"": 32, ""conversao_gols_pct"": 3.3333333333333, ""cruzamentos_certos"": 2, ""dribles_certos_pct"": 39.285714285714, ""duelos_chao_ganhos"": 40, ""lancamentos_certos"": 7, ""desarmes_certos_pct"": 66.666666666667, ""finalizacoes_no_gol"": 7, ""passes_campo_ataque"": 280, ""passes_campo_defesa"": 61, ""duelos_aereos_ganhos"": 10, ""passes_cavados_certos"": 6, ""cruzamentos_certos_pct"": 8.3333333333333, ""duelos_aereos_perdidos"": 13, ""finalizacoes_fora_area"": 15, ""finalizacoes_para_fora"": 15, ""gols_mais_assistencias"": 4, ""lancamentos_certos_pct"": 70, ""tentativas_assistencia"": 11, ""gols_sofridos_fora_area"": 1, ""grandes_chances_criadas"": 1, ""finalizacoes_dentro_area"": 15, ""gols_sofridos_dentro_area"": 4, ""passes_terco_final_certos"": 135, ""recuperacoes_terco_ataque"": 11, ""passes_campo_ataque_certos"": 208, ""passes_campo_defesa_certos"": 53}",,0,,0,0,0,,,0,0,0,
26,20,0,0,0.00,0,0,0.000,0.000,0.000,0,0.00,0,0.00,0,0,0,0.000,0,0,0,0.00,0,0,0,0.00,0,0.00,0,0,0,0,0,0,0,0.00,0,0,0.000,0,0,0,0,0.000,0.000,0.000,Brasileirão 2025,2025-12-07 02:31:39.415417,"{""id"": 1932117, ""xa"": 0.90353529, ""xg"": 0.3298, ""gols"": 1, ""tipo"": ""overall"", ""jogos"": 18, ""cortes"": 10, ""toques"": 662, ""desarmes"": 17, ""bloqueios"": 3, ""desarmado"": 10, ""nota_media"": 6.7388888888889, ""nota_total"": 121.3, ""finalizacoes"": 10, ""passes_total"": 546, ""duelos_ganhos"": 40, ""gols_sofridos"": 10, ""passes_certos"": 502, ""titularidades"": 10, ""dribles_certos"": 4, ""gols_fora_area"": 1, ""interceptacoes"": 4, ""passes_cavados"": 24, ""passes_errados"": 44, ""bloqueios_linha"": 2, ""desarmes_certos"": 12, ""duelos_chao_pct"": 46.478873239437, ""duelos_perdidos"": 51, ""faltas_sofridas"": 12, ""frequencia_gols"": 994, ""gols_pe_direito"": 1, ""jogos_avaliados"": 18, ""minutos_jogados"": 994, ""posses_perdidas"": 67, ""cartoes_amarelos"": 2, ""dribles_sofridos"": 7, ""dribles_tentados"": 8, ""faltas_cometidas"": 17, ""passes_decisivos"": 6, ""cartoes_vermelhos"": 1, ""cruzamentos_total"": 1, ""duelos_aereos_pct"": 35, ""duelos_ganhos_pct"": 43.956043956044, ""lancamentos_total"": 25, ""passes_certos_pct"": 91.941391941392, ""recuperacoes_bola"": 65, ""conversao_gols_pct"": 10, ""dribles_certos_pct"": 50, ""duelos_chao_ganhos"": 33, ""lancamentos_certos"": 19, ""desarmes_certos_pct"": 70.588235294118, ""finalizacoes_no_gol"": 5, ""passes_campo_ataque"": 316, ""passes_campo_defesa"": 230, ""duelos_aereos_ganhos"": 7, ""jogos_sem_sofrer_gol"": 4, ""passes_cavados_certos"": 16, ""duelos_aereos_perdidos"": 13, ""finalizacoes_fora_area"": 8, ""finalizacoes_para_fora"": 2, ""gols_mais_assistencias"": 1, ""lancamentos_certos_pct"": 76, ""tentativas_assistencia"": 6, ""grandes_chances_criadas"": 1, ""finalizacoes_dentro_area"": 2, ""grandes_chances_perdidas"": 1, ""cartoes_vermelhos_diretos"": 1, ""gols_sofridos_dentro_area"": 10, ""passes_terco_final_certos"": 124, ""recuperacoes_terco_ataque"": 5, ""passes_campo_ataque_certos"": 281, ""passes_campo_defesa_certos"": 220}",,0,,0,0,0,,,0,0,0,
27,8,0,0,0.00,0,0,0.000,0.000,0.000,0,0.00,0,0.00,0,0,0,0.000,0,0,0,0.00,0,0,0,0.00,0,0.00,0,0,0,0,0,0,0,0.00,0,0,0.000,0,0,0,0,0.000,0.000,0.000,Brasileirão 2025,2025-12-07 02:31:41.866962,"{""id"": 1932126, ""xa"": 8.09834669, ""xg"": 10.1954, ""gols"": 18, ""tipo"": ""overall"", ""jogos"": 33, ""cortes"": 10, ""toques"": 1731, ""desarmes"": 34, ""bloqueios"": 28, ""desarmado"": 37, ""gols_falta"": 1, ""nota_media"": 7.7424242424242, ""nota_total"": 255.5, ""gols_cabeca"": 2, ""assistencias"": 14, ""finalizacoes"": 78, ""gols_penalti"": 2, ""impedimentos"": 2, ""passes_total"": 1160, ""duelos_ganhos"": 144, ""gols_sofridos"": 10, ""passes_certos"": 973, ""titularidades"": 30, ""bolas_na_trave"": 3, ""dribles_certos"": 41, ""gols_fora_area"": 5, ""interceptacoes"": 7, ""passes_cavados"": 94, ""passes_errados"": 187, ""selecao_rodada"": 15, ""bloqueios_linha"": 2, ""desarmes_certos"": 15, ""duelos_chao_pct"": 58.715596330275, ""duelos_perdidos"": 106, ""faltas_sofridas"": 54, ""frequencia_gols"": 131.77777777778, ""gols_pe_direito"": 11, ""jogos_avaliados"": 33, ""minutos_jogados"": 2372, ""posses_perdidas"": 444, ""cartoes_amarelos"": 3, ""dribles_sofridos"": 13, ""dribles_tentados"": 71, ""faltas_cometidas"": 13, ""gols_dentro_area"": 13, ""gols_pe_esquerdo"": 5, ""passes_decisivos"": 70, ""pre_assistencias"": 1, ""cruzamentos_total"": 147, ""duelos_aereos_pct"": 50, ""duelos_ganhos_pct"": 57.6, ""lancamentos_total"": 58, ""passes_certos_pct"": 83.879310344828, ""penaltis_cobrados"": 3, ""penaltis_na_trave"": 1, ""penaltis_sofridos"": 3, ""recuperacoes_bola"": 86, ""conversao_gols_pct"": 23.076923076923, ""conversao_penaltis"": 66.666666666667, ""cruzamentos_certos"": 23, ""dribles_certos_pct"": 57.746478873239, ""duelos_chao_ganhos"": 128, ""lancamentos_certos"": 35, ""desarmes_certos_pct"": 44.117647058824, ""finalizacoes_no_gol"": 24, ""passes_campo_ataque"": 994, ""passes_campo_defesa"": 293, ""duelos_aereos_ganhos"": 16, ""jogos_sem_sofrer_gol"": 1, ""conversao_bola_parada"": 20, ""passes_cavados_certos"": 48, ""cruzamentos_certos_pct"": 15.646258503401, ""duelos_aereos_perdidos"": 16, ""finalizacoes_fora_area"": 25, ""finalizacoes_para_fora"": 26, ""gols_mais_assistencias"": 32, ""lancamentos_certos_pct"": 60.344827586207, ""tentativas_assistencia"": 69, ""gols_sofridos_fora_area"": 2, ""grandes_chances_criadas"": 17, ""finalizacoes_bola_parada"": 5, ""finalizacoes_dentro_area"": 53, ""grandes_chances_perdidas"": 8, ""gols_sofridos_dentro_area"": 8, ""passes_terco_final_certos"": 415, ""recuperacoes_terco_ataque"": 20, ""passes_campo_ataque_certos"": 710, ""passes_campo_defesa_certos"": 268}",,0,,0,0,0,,,0,0,0,
28,11,0,0,0.00,0,0,0.000,0.000,0.000,0,0.00,0,0.00,0,0,0,0.000,0,0,0,0.00,0,0,0,0.00,0,0.00,0,0,0,0,0,0,0,0.00,0,0,0.000,0,0,0,0,0.000,0.000,0.000,Brasileirão 2025,2025-12-07 02:31:45.365438,"{""id"": 1906230, ""xa"": 2.38504243, ""xg"": 3.0487, ""gols"": 4, ""tipo"": ""overall"", ""jogos"": 28, ""cortes"": 10, ""toques"": 855, ""desarmes"": 24, ""bloqueios"": 7, ""desarmado"": 23, ""nota_media"": 6.9035714285714, ""nota_total"": 193.3, ""gols_cabeca"": 1, ""assistencias"": 1, ""finalizacoes"": 26, ""impedimentos"": 2, ""passes_total"": 593, ""duelos_ganhos"": 76, ""gols_sofridos"": 9, ""passes_certos"": 481, ""titularidades"": 14, ""bolas_na_trave"": 1, ""dribles_certos"": 20, ""gols_fora_area"": 1, ""interceptacoes"": 2, ""passes_cavados"": 25, ""passes_errados"": 112, ""selecao_rodada"": 1, ""desarmes_certos"": 19, ""duelos_chao_pct"": 45.454545454545, ""duelos_perdidos"": 97, ""faltas_sofridas"": 16, ""frequencia_gols"": 336.5, ""gols_pe_direito"": 2, ""jogos_avaliados"": 28, ""minutos_jogados"": 1346, ""posses_perdidas"": 215, ""dribles_sofridos"": 13, ""dribles_tentados"": 37, ""faltas_cometidas"": 21, ""gols_dentro_area"": 3, ""gols_pe_esquerdo"": 1, ""passes_decisivos"": 30, ""cartoes_vermelhos"": 1, ""cruzamentos_total"": 17, ""duelos_aereos_pct"": 39.024390243902, ""duelos_ganhos_pct"": 43.93063583815, ""lancamentos_total"": 11, ""passes_certos_pct"": 81.112984822934, ""recuperacoes_bola"": 47, ""conversao_gols_pct"": 15.384615384615, ""cruzamentos_certos"": 3, ""dribles_certos_pct"": 54.054054054054, ""duelos_chao_ganhos"": 60, ""lancamentos_certos"": 6, ""desarmes_certos_pct"": 79.166666666667, ""finalizacoes_no_gol"": 10, ""passes_campo_ataque"": 479, ""passes_campo_defesa"": 128, ""duelos_aereos_ganhos"": 16, ""jogos_sem_sofrer_gol"": 2, ""passes_cavados_certos"": 13, ""cruzamentos_certos_pct"": 17.647058823529, ""duelos_aereos_perdidos"": 25, ""finalizacoes_fora_area"": 8, ""finalizacoes_para_fora"": 9, ""gols_mais_assistencias"": 5, ""lancamentos_certos_pct"": 54.545454545455, ""tentativas_assistencia"": 30, ""gols_sofridos_fora_area"": 2, ""grandes_chances_criadas"": 4, ""finalizacoes_bola_parada"": 2, ""finalizacoes_dentro_area"": 18, ""grandes_chances_perdidas"": 3, ""cartoes_vermelhos_diretos"": 1, ""gols_sofridos_dentro_area"": 7, ""passes_terco_final_certos"": 234, ""recuperacoes_terco_ataque"": 14, ""passes_campo_ataque_certos"": 376, ""passes_campo_defesa_certos"": 105}",,0,,0,0,0,,,0,0,0,
29,21,0,0,0.00,0,0,0.000,0.000,0.000,0,0.00,0,0.00,0,0,0,0.000,0,0,0,0.00,0,0,0,0.00,0,0.00,0,0,0,0,0,0,0,0.00,0,0,0.000,0,0,0,0,0.000,0.000,0.000,Brasileirão 2025,2025-12-07 02:31:45.99335,"{""id"": 2519398, ""xa"": 0.0423741, ""xg"": 0.344, ""gols"": 2, ""tipo"": ""overall"", ""jogos"": 1, ""cortes"": 1, ""toques"": 24, ""desarmes"": 1, ""desarmado"": 2, ""nota_media"": 8.8, ""nota_total"": 8.8, ""finalizacoes"": 3, ""passes_total"": 9, ""duelos_ganhos"": 1, ""gols_sofridos"": 2, ""passes_certos"": 6, ""titularidades"": 1, ""bolas_na_trave"": 1, ""gols_fora_area"": 1, ""passes_cavados"": 1, ""passes_errados"": 3, ""desarmes_certos"": 1, ""duelos_chao_pct"": 25, ""duelos_perdidos"": 3, ""frequencia_gols"": 31.5, ""gols_pe_direito"": 2, ""jogos_avaliados"": 1, ""minutos_jogados"": 63, ""posses_perdidas"": 7, ""faltas_cometidas"": 1, ""gols_dentro_area"": 1, ""passes_decisivos"": 2, ""cruzamentos_total"": 3, ""duelos_ganhos_pct"": 25, ""passes_certos_pct"": 66.666666666667, ""recuperacoes_bola"": 1, ""conversao_gols_pct"": 66.666666666667, ""cruzamentos_certos"": 2, ""duelos_chao_ganhos"": 1, ""desarmes_certos_pct"": 100, ""finalizacoes_no_gol"": 2, ""passes_campo_ataque"": 4, ""passes_campo_defesa"": 5, ""cruzamentos_certos_pct"": 66.666666666667, ""finalizacoes_fora_area"": 1, ""finalizacoes_para_fora"": 1, ""gols_mais_assistencias"": 2, ""tentativas_assistencia"": 2, ""finalizacoes_dentro_area"": 2, ""gols_sofridos_dentro_area"": 2, ""passes_terco_final_certos"": 1, ""passes_campo_ataque_certos"": 2, ""passes_campo_defesa_certos"": 4}",,0,,0,0,0,,,0,0,0,
30,33,0,0,0.00,0,0,0.000,0.000,0.000,0,0.00,0,0.00,0,0,0,0.000,0,0,0,0.00,0,0,0,0.00,0,0.00,0,0,0,0,0,0,0,0.00,0,0,0.000,0,0,0,0,0.000,0.000,0.000,Brasileirão 2025,2025-12-07 02:31:46.97525,"{""id"": 1951829, ""xa"": 0.82793241, ""xg"": 0.4946, ""tipo"": ""overall"", ""jogos"": 20, ""cortes"": 40, ""toques"": 1025, ""desarmes"": 27, ""bloqueios"": 1, ""desarmado"": 6, ""nota_media"": 7.1, ""nota_total"": 142, ""assistencias"": 3, ""finalizacoes"": 5, ""impedimentos"": 2, ""passes_total"": 717, ""duelos_ganhos"": 63, ""gols_sofridos"": 7, ""passes_certos"": 635, ""titularidades"": 14, ""dribles_certos"": 7, ""interceptacoes"": 8, ""passes_cavados"": 25, ""passes_errados"": 82, ""selecao_rodada"": 1, ""bloqueios_linha"": 5, ""desarmes_certos"": 15, ""duelos_chao_pct"": 60.526315789474, ""duelos_perdidos"": 50, ""faltas_sofridas"": 12, ""jogos_avaliados"": 20, ""minutos_jogados"": 1343, ""posses_perdidas"": 146, ""cartoes_amarelos"": 1, ""dribles_sofridos"": 10, ""dribles_tentados"": 13, ""faltas_cometidas"": 9, ""passes_decisivos"": 6, ""cruzamentos_total"": 32, ""duelos_aereos_pct"": 45.945945945946, ""duelos_ganhos_pct"": 55.752212389381, ""lancamentos_total"": 26, ""passes_certos_pct"": 88.563458856346, ""recuperacoes_bola"": 42, ""cruzamentos_certos"": 6, ""dribles_certos_pct"": 53.846153846154, ""duelos_chao_ganhos"": 46, ""lancamentos_certos"": 13, ""penaltis_cometidos"": 1, ""desarmes_certos_pct"": 55.555555555556, ""finalizacoes_no_gol"": 2, ""passes_campo_ataque"": 465, ""passes_campo_defesa"": 279, ""duelos_aereos_ganhos"": 17, ""jogos_sem_sofrer_gol"": 9, ""passes_cavados_certos"": 17, ""cruzamentos_certos_pct"": 18.75, ""duelos_aereos_perdidos"": 20, ""erros_para_finalizacao"": 1, ""finalizacoes_para_fora"": 2, ""gols_mais_assistencias"": 3, ""lancamentos_certos_pct"": 50, ""tentativas_assistencia"": 6, ""grandes_chances_criadas"": 1, ""finalizacoes_dentro_area"": 5, ""grandes_chances_perdidas"": 1, ""gols_sofridos_dentro_area"": 7, ""passes_terco_final_certos"": 170, ""recuperacoes_terco_ataque"": 7, ""passes_campo_ataque_certos"": 379, ""passes_campo_defesa_certos"": 259}",,0,,0,0,0,,,0,0,0,
31,35,0,0,0.00,0,0,0.000,0.000,0.000,0,0.00,0,0.00,0,0,0,0.000,0,0,0,0.00,0,0,0,0.00,0,0.00,0,0,0,0,0,0,0,0.00,0,0,0.000,0,0,0,0,0.000,0.000,0.000,Brasileirão 2025,2025-12-07 02:31:47.739918,"{""id"": 2519392, ""xa"": 0.00205774, ""xg"": 0.0191, ""tipo"": ""overall"", ""jogos"": 1, ""cortes"": 7, ""toques"": 44, ""nota_media"": 6.4, ""nota_total"": 6.4, ""finalizacoes"": 1, ""passes_total"": 31, ""duelos_ganhos"": 3, ""gols_sofridos"": 3, ""passes_certos"": 28, ""titularidades"": 1, ""passes_cavados"": 4, ""passes_errados"": 3, ""duelos_perdidos"": 2, ""jogos_avaliados"": 1, ""minutos_jogados"": 90, ""posses_perdidas"": 4, ""cartoes_amarelos"": 1, ""faltas_cometidas"": 1, ""duelos_aereos_pct"": 75, ""duelos_ganhos_pct"": 60, ""lancamentos_total"": 3, ""passes_certos_pct"": 90.322580645161, ""recuperacoes_bola"": 3, ""lancamentos_certos"": 2, ""passes_campo_ataque"": 5, ""passes_campo_defesa"": 26, ""duelos_aereos_ganhos"": 3, ""passes_cavados_certos"": 2, ""duelos_aereos_perdidos"": 1, ""finalizacoes_para_fora"": 1, ""lancamentos_certos_pct"": 66.666666666667, ""finalizacoes_dentro_area"": 1, ""gols_sofridos_dentro_area"": 3, ""passes_terco_final_certos"": 1, ""passes_campo_ataque_certos"": 5, ""passes_campo_defesa_certos"": 23}",,0,,0,0,0,,,0,0,0,
32,14,0,0,0.00,0,0,0.000,0.000,0.000,0,0.00,0,0.00,0,0,0,0.000,0,0,0,0.00,0,0,0,0.00,0,0.00,0,0,0,0,0,0,0,0.00,0,0,0.000,0,0,0,0,0.000,0.000,0.000,Brasileirão 2025,2025-12-07 02:31:49.131248,"{""id"": 2148215, ""xa"": 2.0285587, ""xg"": 2.4152, ""gols"": 2, ""tipo"": ""overall"", ""jogos"": 16, ""cortes"": 4, ""toques"": 575, ""desarmes"": 28, ""bloqueios"": 5, ""desarmado"": 14, ""nota_media"": 7.15, ""nota_total"": 114.4, ""assistencias"": 5, ""finalizacoes"": 19, ""passes_total"": 340, ""duelos_ganhos"": 84, ""gols_sofridos"": 9, ""passes_certos"": 285, ""titularidades"": 11, ""dribles_certos"": 19, ""interceptacoes"": 4, ""passes_cavados"": 21, ""passes_errados"": 55, ""selecao_rodada"": 1, ""desarmes_certos"": 15, ""duelos_chao_pct"": 50.375939849624, ""duelos_perdidos"": 79, ""faltas_sofridas"": 20, ""frequencia_gols"": 412.5, ""gols_pe_direito"": 2, ""jogos_avaliados"": 16, ""minutos_jogados"": 825, ""posses_perdidas"": 146, ""cartoes_amarelos"": 4, ""dribles_sofridos"": 9, ""dribles_tentados"": 41, ""faltas_cometidas"": 21, ""gols_dentro_area"": 2, ""passes_decisivos"": 19, ""cruzamentos_total"": 43, ""duelos_aereos_pct"": 56.666666666667, ""duelos_ganhos_pct"": 51.533742331288, ""lancamentos_total"": 18, ""passes_certos_pct"": 83.823529411765, ""recuperacoes_bola"": 38, ""conversao_gols_pct"": 10.526315789474, ""cruzamentos_certos"": 12, ""dribles_certos_pct"": 46.341463414634, ""duelos_chao_ganhos"": 67, ""lancamentos_certos"": 7, ""desarmes_certos_pct"": 53.571428571429, ""finalizacoes_no_gol"": 3, ""passes_campo_ataque"": 297, ""passes_campo_defesa"": 62, ""duelos_aereos_ganhos"": 17, ""passes_cavados_certos"": 10, ""cruzamentos_certos_pct"": 27.906976744186, ""duelos_aereos_perdidos"": 13, ""finalizacoes_fora_area"": 4, ""finalizacoes_para_fora"": 11, ""gols_mais_assistencias"": 7, ""lancamentos_certos_pct"": 38.888888888889, ""tentativas_assistencia"": 19, ""gols_sofridos_fora_area"": 1, ""grandes_chances_criadas"": 8, ""finalizacoes_dentro_area"": 15, ""grandes_chances_perdidas"": 2, ""gols_sofridos_dentro_area"": 8, ""passes_terco_final_certos"": 137, ""recuperacoes_terco_ataque"": 12, ""passes_campo_ataque_certos"": 222, ""passes_campo_defesa_certos"": 54}",,0,,0,0,0,,,0,0,0,
33,9,0,0,0.00,0,0,0.000,0.000,0.000,0,0.00,0,0.00,0,0,0,0.000,0,0,0,0.00,0,0,0,0.00,0,0.00,0,0,0,0,0,0,0,0.00,0,0,0.000,0,0,0,0,0.000,0.000,0.000,Brasileirão 2025,2025-12-07 02:31:50.149263,"{""id"": 2050501, ""xa"": 2.03367264, ""xg"": 2.8607, ""gols"": 3, ""tipo"": ""overall"", ""jogos"": 18, ""cortes"": 3, ""toques"": 1551, ""desarmes"": 22, ""bloqueios"": 3, ""desarmado"": 11, ""nota_media"": 7.1722222222222, ""nota_total"": 129.1, ""assistencias"": 1, ""finalizacoes"": 14, ""gols_penalti"": 3, ""passes_total"": 1397, ""duelos_ganhos"": 50, ""gols_sofridos"": 7, ""passes_certos"": 1275, ""titularidades"": 15, ""dribles_certos"": 4, ""interceptacoes"": 23, ""passes_cavados"": 106, ""passes_errados"": 122, ""selecao_rodada"": 3, ""bloqueios_linha"": 2, ""desarmes_certos"": 13, ""duelos_chao_pct"": 40.659340659341, ""duelos_perdidos"": 68, ""faltas_sofridas"": 11, ""frequencia_gols"": 453.33333333333, ""gols_pe_direito"": 3, ""jogos_avaliados"": 18, ""minutos_jogados"": 1360, ""posses_perdidas"": 159, ""cartoes_amarelos"": 5, ""dribles_sofridos"": 15, ""dribles_tentados"": 10, ""faltas_cometidas"": 22, ""gols_dentro_area"": 3, ""passes_decisivos"": 17, ""cruzamentos_total"": 9, ""duelos_aereos_pct"": 48.148148148148, ""duelos_ganhos_pct"": 42.372881355932, ""lancamentos_total"": 74, ""passes_certos_pct"": 91.26700071582, ""penaltis_cobrados"": 3, ""recuperacoes_bola"": 94, ""conversao_gols_pct"": 21.428571428571, ""conversao_penaltis"": 100, ""cruzamentos_certos"": 4, ""dribles_certos_pct"": 40, ""duelos_chao_ganhos"": 37, ""lancamentos_certos"": 45, ""desarmes_certos_pct"": 59.090909090909, ""finalizacoes_no_gol"": 5, ""passes_campo_ataque"": 871, ""passes_campo_defesa"": 532, ""duelos_aereos_ganhos"": 13, ""jogos_sem_sofrer_gol"": 5, ""passes_cavados_certos"": 62, ""cruzamentos_certos_pct"": 44.444444444444, ""duelos_aereos_perdidos"": 14, ""erros_para_finalizacao"": 2, ""finalizacoes_fora_area"": 8, ""finalizacoes_para_fora"": 6, ""gols_mais_assistencias"": 4, ""lancamentos_certos_pct"": 60.810810810811, ""tentativas_assistencia"": 17, ""gols_sofridos_fora_area"": 1, ""grandes_chances_criadas"": 1, ""finalizacoes_dentro_area"": 6, ""gols_sofridos_dentro_area"": 6, ""passes_terco_final_certos"": 342, ""recuperacoes_terco_ataque"": 5, ""passes_campo_ataque_certos"": 765, ""passes_campo_defesa_certos"": 512}",,0,,0,0,0,,,0,0,0,
34,37,0,0,0.00,0,0,0.000,0.000,0.000,0,0.00,0,0.00,0,0,0,0.000,0,0,0,0.00,0,0,0,0.00,0,0.00,0,0,0,0,0,0,0,0.00,0,0,0.000,0,0,0,0,0.000,0.000,0.000,Brasileirão 2025,2025-12-07 02:31:50.868472,"{""id"": 2428155, ""xa"": 0.02498664, ""xg"": 0.0286, ""tipo"": ""overall"", ""jogos"": 4, ""cortes"": 11, ""toques"": 158, ""desarmes"": 1, ""nota_media"": 6.3, ""nota_total"": 25.2, ""finalizacoes"": 1, ""passes_total"": 133, ""duelos_ganhos"": 4, ""gols_sofridos"": 6, ""passes_certos"": 122, ""tiros_de_meta"": 1, ""titularidades"": 3, ""erros_para_gol"": 1, ""interceptacoes"": 1, ""passes_cavados"": 7, ""passes_errados"": 11, ""bloqueios_linha"": 3, ""desarmes_certos"": 1, ""duelos_chao_pct"": 25, ""duelos_perdidos"": 6, ""faltas_sofridas"": 1, ""jogos_avaliados"": 4, ""minutos_jogados"": 193, ""posses_perdidas"": 14, ""cartoes_amarelos"": 1, ""dribles_sofridos"": 1, ""dribles_tentados"": 2, ""faltas_cometidas"": 3, ""duelos_aereos_pct"": 100, ""duelos_ganhos_pct"": 40, ""lancamentos_total"": 5, ""passes_certos_pct"": 91.729323308271, ""recuperacoes_bola"": 9, ""duelos_chao_ganhos"": 2, ""lancamentos_certos"": 2, ""desarmes_certos_pct"": 100, ""passes_campo_ataque"": 39, ""passes_campo_defesa"": 94, ""duelos_aereos_ganhos"": 2, ""passes_cavados_certos"": 3, ""erros_para_finalizacao"": 1, ""finalizacoes_fora_area"": 1, ""finalizacoes_para_fora"": 1, ""lancamentos_certos_pct"": 40, ""gols_sofridos_fora_area"": 1, ""gols_sofridos_dentro_area"": 5, ""passes_terco_final_certos"": 11, ""passes_campo_ataque_certos"": 34, ""passes_campo_defesa_certos"": 88}",,0,,0,0,0,,,0,0,0,
35,3,0,0,0.00,0,0,0.000,0.000,0.000,0,0.00,0,0.00,0,0,0,0.000,0,0,0,0.00,0,0,0,0.00,0,0.00,0,0,0,0,0,0,0,0.00,0,0,0.000,0,0,0,0,0.000,0.000,0.000,Brasileirão 2025,2025-12-07 02:31:51.6659,"{""id"": 1906274, ""xa"": 0.06107006, ""xg"": 2.4786, ""gols"": 1, ""tipo"": ""overall"", ""jogos"": 15, ""cortes"": 5, ""toques"": 124, ""desarmes"": 6, ""bloqueios"": 2, ""desarmado"": 9, ""nota_media"": 6.5923076923077, ""nota_total"": 85.7, ""finalizacoes"": 18, ""impedimentos"": 4, ""passes_total"": 50, ""duelos_ganhos"": 20, ""gols_sofridos"": 2, ""passes_certos"": 41, ""titularidades"": 2, ""bolas_na_trave"": 2, ""interceptacoes"": 1, ""passes_errados"": 9, ""desarmes_certos"": 5, ""duelos_chao_pct"": 27.777777777778, ""duelos_perdidos"": 35, ""faltas_sofridas"": 4, ""frequencia_gols"": 391, ""jogos_avaliados"": 13, ""minutos_jogados"": 391, ""posses_perdidas"": 36, ""dribles_sofridos"": 4, ""dribles_tentados"": 5, ""faltas_cometidas"": 8, ""gols_dentro_area"": 1, ""passes_decisivos"": 3, ""duelos_aereos_pct"": 52.631578947368, ""duelos_ganhos_pct"": 36.363636363636, ""passes_certos_pct"": 82, ""recuperacoes_bola"": 11, ""conversao_gols_pct"": 5.5555555555556, ""duelos_chao_ganhos"": 10, ""desarmes_certos_pct"": 83.333333333333, ""finalizacoes_no_gol"": 5, ""passes_campo_ataque"": 36, ""passes_campo_defesa"": 14, ""duelos_aereos_ganhos"": 10, ""duelos_aereos_perdidos"": 9, ""finalizacoes_fora_area"": 3, ""finalizacoes_para_fora"": 11, ""gols_mais_assistencias"": 1, ""tentativas_assistencia"": 3, ""grandes_chances_criadas"": 1, ""finalizacoes_dentro_area"": 15, ""grandes_chances_perdidas"": 6, ""gols_sofridos_dentro_area"": 2, ""passes_terco_final_certos"": 20, ""recuperacoes_terco_ataque"": 4, ""passes_campo_ataque_certos"": 29, ""passes_campo_defesa_certos"": 12}",,0,,0,0,0,,,0,0,0,
36,13,0,0,0.00,0,0,0.000,0.000,0.000,0,0.00,0,0.00,0,0,0,0.000,0,0,0,0.00,0,0,0,0.00,0,0.00,0,0,0,0,0,0,0,0.00,0,0,0.000,0,0,0,0,0.000,0.000,0.000,Brasileirão 2025,2025-12-07 02:31:53.365365,"{""id"": 1906268, ""xa"": 3.71562333, ""xg"": 3.3614, ""gols"": 7, ""tipo"": ""overall"", ""jogos"": 35, ""cortes"": 9, ""toques"": 1172, ""desarmes"": 50, ""bloqueios"": 12, ""desarmado"": 25, ""nota_media"": 7.0971428571429, ""nota_total"": 248.4, ""assistencias"": 3, ""finalizacoes"": 45, ""impedimentos"": 1, ""passes_total"": 760, ""duelos_ganhos"": 98, ""gols_sofridos"": 16, ""passes_certos"": 633, ""titularidades"": 15, ""bolas_na_trave"": 2, ""dribles_certos"": 16, ""gols_fora_area"": 2, ""interceptacoes"": 8, ""passes_cavados"": 46, ""passes_errados"": 127, ""selecao_rodada"": 3, ""desarmes_certos"": 36, ""duelos_chao_pct"": 47.872340425532, ""duelos_perdidos"": 114, ""faltas_sofridas"": 24, ""frequencia_gols"": 253, ""gols_pe_direito"": 1, ""jogos_avaliados"": 35, ""minutos_jogados"": 1771, ""posses_perdidas"": 304, ""cartoes_amarelos"": 2, ""dribles_sofridos"": 14, ""dribles_tentados"": 45, ""faltas_cometidas"": 33, ""gols_dentro_area"": 5, ""gols_pe_esquerdo"": 6, ""passes_decisivos"": 45, ""pre_assistencias"": 1, ""cruzamentos_total"": 106, ""duelos_aereos_pct"": 33.333333333333, ""duelos_ganhos_pct"": 46.22641509434, ""lancamentos_total"": 53, ""passes_certos_pct"": 83.289473684211, ""recuperacoes_bola"": 58, ""conversao_gols_pct"": 15.555555555556, ""cruzamentos_certos"": 28, ""dribles_certos_pct"": 35.555555555556, ""duelos_chao_ganhos"": 90, ""lancamentos_certos"": 29, ""desarmes_certos_pct"": 72, ""finalizacoes_no_gol"": 18, ""passes_campo_ataque"": 629, ""passes_campo_defesa"": 212, ""duelos_aereos_ganhos"": 8, ""jogos_sem_sofrer_gol"": 4, ""passes_cavados_certos"": 25, ""cruzamentos_certos_pct"": 26.415094339623, ""duelos_aereos_perdidos"": 16, ""finalizacoes_fora_area"": 22, ""finalizacoes_para_fora"": 15, ""gols_mais_assistencias"": 10, ""lancamentos_certos_pct"": 54.716981132075, ""tentativas_assistencia"": 44, ""gols_sofridos_fora_area"": 2, ""grandes_chances_criadas"": 8, ""finalizacoes_bola_parada"": 2, ""finalizacoes_dentro_area"": 23, ""grandes_chances_perdidas"": 3, ""gols_sofridos_dentro_area"": 14, ""passes_terco_final_certos"": 265, ""recuperacoes_terco_ataque"": 7, ""passes_campo_ataque_certos"": 455, ""passes_campo_defesa_certos"": 181}",,0,,0,0,0,,,0,0,0,
37,28,0,0,0.00,0,0,0.000,0.000,0.000,0,0.00,0,0.00,0,0,0,0.000,0,0,0,0.00,0,0,0,0.00,0,0.00,0,0,0,0,0,0,0,0.00,0,0,0.000,0,0,0,0,0.000,0.000,0.000,Brasileirão 2025,2025-12-07 02:31:54.204684,"{""id"": 1906256, ""xa"": 1.18117187, ""xg"": 1.3127, ""gols"": 1, ""tipo"": ""overall"", ""jogos"": 26, ""cortes"": 104, ""toques"": 2091, ""desarmes"": 31, ""bloqueios"": 1, ""desarmado"": 2, ""nota_media"": 7.2807692307692, ""nota_total"": 189.3, ""gols_cabeca"": 1, ""assistencias"": 2, ""finalizacoes"": 18, ""impedimentos"": 1, ""passes_total"": 1828, ""duelos_ganhos"": 102, ""gols_sofridos"": 12, ""passes_certos"": 1667, ""tiros_de_meta"": 11, ""titularidades"": 26, ""bolas_na_trave"": 2, ""dribles_certos"": 9, ""interceptacoes"": 16, ""passes_cavados"": 146, ""passes_errados"": 161, ""selecao_rodada"": 4, ""bloqueios_linha"": 16, ""desarmes_certos"": 18, ""duelos_chao_pct"": 65.217391304348, ""duelos_perdidos"": 54, ""faltas_sofridas"": 5, ""frequencia_gols"": 2206, ""jogos_avaliados"": 26, ""minutos_jogados"": 2206, ""posses_perdidas"": 182, ""cartoes_amarelos"": 4, ""dribles_sofridos"": 3, ""dribles_tentados"": 10, ""faltas_cometidas"": 19, ""gols_dentro_area"": 1, ""passes_decisivos"": 8, ""cruzamentos_total"": 6, ""duelos_aereos_pct"": 65.51724137931, ""duelos_ganhos_pct"": 65.384615384615, ""lancamentos_total"": 179, ""passes_certos_pct"": 91.192560175055, ""recuperacoes_bola"": 96, ""conversao_gols_pct"": 5.5555555555556, ""cruzamentos_certos"": 4, ""dribles_certos_pct"": 90, ""duelos_chao_ganhos"": 45, ""lancamentos_certos"": 117, ""desarmes_certos_pct"": 58.064516129032, ""finalizacoes_no_gol"": 6, ""passes_campo_ataque"": 787, ""passes_campo_defesa"": 1047, ""duelos_aereos_ganhos"": 57, ""jogos_sem_sofrer_gol"": 12, ""passes_cavados_certos"": 91, ""cruzamentos_certos_pct"": 66.666666666667, ""duelos_aereos_perdidos"": 30, ""erros_para_finalizacao"": 4, ""finalizacoes_fora_area"": 3, ""finalizacoes_para_fora"": 11, ""gols_mais_assistencias"": 3, ""lancamentos_certos_pct"": 65.36312849162, ""tentativas_assistencia"": 8, ""gols_sofridos_fora_area"": 2, ""grandes_chances_criadas"": 2, ""finalizacoes_dentro_area"": 15, ""grandes_chances_perdidas"": 1, ""gols_sofridos_dentro_area"": 10, ""passes_terco_final_certos"": 195, ""recuperacoes_terco_ataque"": 1, ""passes_campo_ataque_certos"": 678, ""passes_campo_defesa_certos"": 993}",,0,,0,0,0,,,0,0,0,
38,30,0,0,0.00,0,0,0.000,0.000,0.000,0,0.00,0,0.00,0,0,0,0.000,0,0,0,0.00,0,0,0,0.00,0,0.00,0,0,0,0,0,0,0,0.00,0,0,0.000,0,0,0,0,0.000,0.000,0.000,Brasileirão 2025,2025-12-07 02:31:54.962646,"{""id"": 1906276, ""xa"": 1.68891071, ""xg"": 2.7738, ""gols"": 4, ""tipo"": ""overall"", ""jogos"": 34, ""cortes"": 112, ""toques"": 3021, ""desarmes"": 21, ""bloqueios"": 1, ""desarmado"": 3, ""nota_media"": 7.2352941176471, ""nota_total"": 246, ""gols_cabeca"": 2, ""finalizacoes"": 20, ""passes_total"": 2716, ""duelos_ganhos"": 89, ""gols_sofridos"": 21, ""passes_certos"": 2541, ""tiros_de_meta"": 47, ""titularidades"": 33, ""bolas_na_trave"": 1, ""dribles_certos"": 4, ""interceptacoes"": 22, ""passes_cavados"": 144, ""passes_errados"": 175, ""selecao_rodada"": 1, ""bloqueios_linha"": 19, ""desarmes_certos"": 15, ""duelos_chao_pct"": 46.835443037975, ""duelos_perdidos"": 84, ""faltas_sofridas"": 13, ""frequencia_gols"": 739, ""jogos_avaliados"": 34, ""minutos_jogados"": 2956, ""posses_perdidas"": 207, ""cartoes_amarelos"": 5, ""dribles_sofridos"": 16, ""dribles_tentados"": 5, ""faltas_cometidas"": 23, ""gols_dentro_area"": 4, ""gols_pe_esquerdo"": 2, ""passes_decisivos"": 15, ""cruzamentos_total"": 14, ""duelos_aereos_pct"": 55.31914893617, ""duelos_ganhos_pct"": 51.445086705202, ""lancamentos_total"": 178, ""passes_certos_pct"": 93.556701030928, ""recuperacoes_bola"": 129, ""conversao_gols_pct"": 20, ""cruzamentos_certos"": 3, ""dribles_certos_pct"": 80, ""duelos_chao_ganhos"": 37, ""lancamentos_certos"": 111, ""penaltis_cometidos"": 2, ""desarmes_certos_pct"": 71.428571428571, ""finalizacoes_no_gol"": 7, ""passes_campo_ataque"": 1153, ""passes_campo_defesa"": 1571, ""duelos_aereos_ganhos"": 52, ""jogos_sem_sofrer_gol"": 16, ""passes_cavados_certos"": 81, ""cruzamentos_certos_pct"": 21.428571428571, ""duelos_aereos_perdidos"": 42, ""finalizacoes_fora_area"": 4, ""finalizacoes_para_fora"": 12, ""gols_mais_assistencias"": 4, ""lancamentos_certos_pct"": 62.359550561798, ""tentativas_assistencia"": 15, ""gols_sofridos_fora_area"": 4, ""grandes_chances_criadas"": 1, ""finalizacoes_bola_parada"": 3, ""finalizacoes_dentro_area"": 16, ""grandes_chances_perdidas"": 1, ""gols_sofridos_dentro_area"": 17, ""passes_terco_final_certos"": 313, ""recuperacoes_terco_ataque"": 2, ""passes_campo_ataque_certos"": 1037, ""passes_campo_defesa_certos"": 1501}",,0,,0,0,0,,,0,0,0,
39,31,0,0,0.00,0,0,0.000,0.000,0.000,0,0.00,0,0.00,0,0,0,0.000,0,0,0,0.00,0,0,0,0.00,0,0.00,0,0,0,0,0,0,0,0.00,0,0,0.000,0,0,0,0,0.000,0.000,0.000,Brasileirão 2025,2025-12-07 02:31:56.713255,"{""id"": 2006662, ""xa"": 0.17562193, ""xg"": 0.0343, ""tipo"": ""overall"", ""jogos"": 8, ""cortes"": 4, ""toques"": 246, ""desarmes"": 10, ""bloqueios"": 1, ""desarmado"": 3, ""nota_media"": 6.7, ""nota_total"": 46.9, ""finalizacoes"": 1, ""passes_total"": 161, ""duelos_ganhos"": 23, ""gols_sofridos"": 2, ""passes_certos"": 133, ""titularidades"": 2, ""dribles_certos"": 6, ""interceptacoes"": 2, ""passes_cavados"": 8, ""passes_errados"": 28, ""bloqueios_linha"": 1, ""desarmes_certos"": 6, ""duelos_chao_pct"": 57.575757575758, ""duelos_perdidos"": 16, ""faltas_sofridas"": 3, ""jogos_avaliados"": 7, ""minutos_jogados"": 286, ""posses_perdidas"": 49, ""cartoes_amarelos"": 1, ""dribles_sofridos"": 5, ""dribles_tentados"": 7, ""faltas_cometidas"": 5, ""passes_decisivos"": 2, ""cruzamentos_total"": 8, ""duelos_aereos_pct"": 66.666666666667, ""duelos_ganhos_pct"": 58.974358974359, ""lancamentos_total"": 5, ""passes_certos_pct"": 82.608695652174, ""recuperacoes_bola"": 11, ""cruzamentos_certos"": 1, ""dribles_certos_pct"": 85.714285714286, ""duelos_chao_ganhos"": 19, ""lancamentos_certos"": 2, ""desarmes_certos_pct"": 60, ""passes_campo_ataque"": 109, ""passes_campo_defesa"": 60, ""duelos_aereos_ganhos"": 4, ""passes_cavados_certos"": 3, ""cruzamentos_certos_pct"": 12.5, ""duelos_aereos_perdidos"": 2, ""erros_para_finalizacao"": 1, ""finalizacoes_fora_area"": 1, ""lancamentos_certos_pct"": 40, ""tentativas_assistencia"": 2, ""gols_sofridos_dentro_area"": 2, ""passes_terco_final_certos"": 31, ""passes_campo_ataque_certos"": 81, ""passes_campo_defesa_certos"": 53}",,0,,0,0,0,,,0,0,0,
40,18,0,0,0.00,0,0,0.000,0.000,0.000,0,0.00,0,0.00,0,0,0,0.000,0,0,0,0.00,0,0,0,0.00,0,0.00,0,0,0,0,0,0,0,0.00,0,0,0.000,0,0,0,0,0.000,0.000,0.000,Brasileirão 2025,2025-12-07 02:31:57.689645,"{""id"": 1906266, ""xa"": 1.86358056, ""xg"": 1.9038, ""gols"": 1, ""tipo"": ""overall"", ""jogos"": 15, ""cortes"": 6, ""toques"": 339, ""desarmes"": 9, ""bloqueios"": 2, ""desarmado"": 9, ""nota_media"": 6.8933333333333, ""nota_total"": 103.4, ""assistencias"": 3, ""finalizacoes"": 14, ""impedimentos"": 1, ""passes_total"": 206, ""duelos_ganhos"": 31, ""gols_sofridos"": 8, ""passes_certos"": 174, ""titularidades"": 6, ""dribles_certos"": 11, ""interceptacoes"": 2, ""passes_cavados"": 11, ""passes_errados"": 32, ""bloqueios_linha"": 1, ""desarmes_certos"": 4, ""duelos_chao_pct"": 46.428571428571, ""duelos_perdidos"": 34, ""faltas_sofridas"": 6, ""frequencia_gols"": 635, ""jogos_avaliados"": 15, ""minutos_jogados"": 635, ""posses_perdidas"": 80, ""dribles_sofridos"": 11, ""dribles_tentados"": 19, ""faltas_cometidas"": 2, ""gols_dentro_area"": 1, ""gols_pe_esquerdo"": 1, ""passes_decisivos"": 17, ""cruzamentos_total"": 18, ""duelos_aereos_pct"": 55.555555555556, ""duelos_ganhos_pct"": 47.692307692308, ""lancamentos_total"": 7, ""passes_certos_pct"": 84.466019417476, ""recuperacoes_bola"": 22, ""conversao_gols_pct"": 7.1428571428571, ""cruzamentos_certos"": 8, ""dribles_certos_pct"": 57.894736842105, ""duelos_chao_ganhos"": 26, ""lancamentos_certos"": 2, ""desarmes_certos_pct"": 44.444444444444, ""finalizacoes_no_gol"": 7, ""passes_campo_ataque"": 185, ""passes_campo_defesa"": 32, ""duelos_aereos_ganhos"": 5, ""passes_cavados_certos"": 6, ""cruzamentos_certos_pct"": 44.444444444444, ""duelos_aereos_perdidos"": 4, ""erros_para_finalizacao"": 1, ""finalizacoes_fora_area"": 2, ""finalizacoes_para_fora"": 5, ""gols_mais_assistencias"": 4, ""lancamentos_certos_pct"": 28.571428571429, ""tentativas_assistencia"": 17, ""gols_sofridos_fora_area"": 1, ""grandes_chances_criadas"": 4, ""finalizacoes_dentro_area"": 12, ""grandes_chances_perdidas"": 4, ""gols_sofridos_dentro_area"": 7, ""passes_terco_final_certos"": 104, ""recuperacoes_terco_ataque"": 4, ""passes_campo_ataque_certos"": 146, ""passes_campo_defesa_certos"": 29}",,0,,0,0,0,,,0,0,0,
41,12,0,0,0.00,0,0,0.000,0.000,0.000,0,0.00,0,0.00,0,0,0,0.000,0,0,0,0.00,0,0,0,0.00,0,0.00,0,0,0,0,0,0,0,0.00,0,0,0.000,0,0,0,0,0.000,0.000,0.000,Brasileirão 2025,2025-12-07 02:31:59.058451,"{""id"": 1906278, ""xa"": 1.61004553, ""xg"": 0.6858, ""tipo"": ""overall"", ""jogos"": 19, ""cortes"": 8, ""toques"": 1024, ""desarmes"": 22, ""bloqueios"": 2, ""desarmado"": 7, ""nota_media"": 7.0210526315789, ""nota_total"": 133.4, ""finalizacoes"": 16, ""passes_total"": 864, ""duelos_ganhos"": 65, ""gols_sofridos"": 8, ""passes_certos"": 775, ""titularidades"": 12, ""dribles_certos"": 2, ""interceptacoes"": 7, ""passes_cavados"": 55, ""passes_errados"": 89, ""bloqueios_linha"": 2, ""desarmes_certos"": 15, ""duelos_chao_pct"": 62.222222222222, ""duelos_perdidos"": 38, ""faltas_sofridas"": 33, ""jogos_avaliados"": 19, ""minutos_jogados"": 1031, ""posses_perdidas"": 138, ""cartoes_amarelos"": 4, ""dribles_sofridos"": 8, ""dribles_tentados"": 4, ""faltas_cometidas"": 17, ""passes_decisivos"": 17, ""cruzamentos_total"": 28, ""duelos_aereos_pct"": 69.230769230769, ""duelos_ganhos_pct"": 63.106796116505, ""lancamentos_total"": 53, ""passes_certos_pct"": 89.699074074074, ""recuperacoes_bola"": 63, ""cruzamentos_certos"": 8, ""dribles_certos_pct"": 50, ""duelos_chao_ganhos"": 56, ""lancamentos_certos"": 33, ""desarmes_certos_pct"": 68.181818181818, ""finalizacoes_no_gol"": 4, ""passes_campo_ataque"": 562, ""passes_campo_defesa"": 328, ""duelos_aereos_ganhos"": 9, ""jogos_sem_sofrer_gol"": 1, ""passes_cavados_certos"": 31, ""cruzamentos_certos_pct"": 28.571428571429, ""duelos_aereos_perdidos"": 4, ""erros_para_finalizacao"": 1, ""finalizacoes_fora_area"": 14, ""finalizacoes_para_fora"": 10, ""lancamentos_certos_pct"": 62.264150943396, ""tentativas_assistencia"": 17, ""gols_sofridos_fora_area"": 1, ""grandes_chances_criadas"": 1, ""finalizacoes_bola_parada"": 5, ""finalizacoes_dentro_area"": 2, ""gols_sofridos_dentro_area"": 7, ""passes_terco_final_certos"": 209, ""recuperacoes_terco_ataque"": 4, ""passes_campo_ataque_certos"": 470, ""passes_campo_defesa_certos"": 311}",,0,,0,0,0,,,0,0,0,
42,22,0,0,0.00,0,0,0.000,0.000,0.000,0,0.00,0,0.00,0,0,0,0.000,0,0,0,0.00,0,0,0,0.00,0,0.00,0,0,0,0,0,0,0,0.00,0,0,0.000,0,0,0,0,0.000,0.000,0.000,Brasileirão 2025,2025-12-07 02:32:00.908396,"{""id"": 2519396, ""xa"": 0.00205904, ""tipo"": ""overall"", ""jogos"": 1, ""cortes"": 1, ""toques"": 27, ""nota_media"": 6.3, ""nota_total"": 6.3, ""passes_total"": 22, ""duelos_ganhos"": 1, ""gols_sofridos"": 3, ""passes_certos"": 20, ""titularidades"": 1, ""dribles_certos"": 1, ""interceptacoes"": 1, ""passes_cavados"": 2, ""passes_errados"": 2, ""duelos_chao_pct"": 33.333333333333, ""duelos_perdidos"": 4, ""jogos_avaliados"": 1, ""minutos_jogados"": 69, ""posses_perdidas"": 3, ""dribles_tentados"": 2, ""faltas_cometidas"": 1, ""duelos_ganhos_pct"": 20, ""lancamentos_total"": 1, ""passes_certos_pct"": 90.909090909091, ""recuperacoes_bola"": 5, ""dribles_certos_pct"": 50, ""duelos_chao_ganhos"": 1, ""passes_campo_ataque"": 5, ""passes_campo_defesa"": 17, ""passes_cavados_certos"": 1, ""duelos_aereos_perdidos"": 2, ""gols_sofridos_dentro_area"": 3, ""passes_terco_final_certos"": 2, ""recuperacoes_terco_ataque"": 1, ""passes_campo_ataque_certos"": 4, ""passes_campo_defesa_certos"": 16}",,0,,0,0,0,,,0,0,0,
43,1,0,0,0.00,0,0,0.000,0.000,0.000,0,0.00,0,0.00,0,0,0,0.000,0,0,0,0.00,0,0,0,0.00,0,0.00,0,0,0,0,0,0,0,0.00,0,0,0.000,0,0,0,0,0.000,0.000,0.000,Brasileirão 2025,2025-12-07 02:32:02.346503,"{""id"": 1949406, ""xa"": 1.36381956, ""xg"": 9.0038, ""gols"": 12, ""tipo"": ""overall"", ""jogos"": 21, ""cortes"": 7, ""toques"": 402, ""desarmes"": 9, ""bloqueios"": 13, ""desarmado"": 21, ""nota_media"": 7.1761904761905, ""nota_total"": 150.7, ""gols_cabeca"": 1, ""assistencias"": 6, ""finalizacoes"": 43, ""gols_penalti"": 1, ""impedimentos"": 2, ""passes_total"": 200, ""duelos_ganhos"": 41, ""gols_sofridos"": 3, ""passes_certos"": 153, ""titularidades"": 13, ""bolas_na_trave"": 1, ""dribles_certos"": 8, ""gols_fora_area"": 2, ""interceptacoes"": 6, ""passes_cavados"": 15, ""passes_errados"": 47, ""selecao_rodada"": 5, ""bloqueios_linha"": 1, ""desarmes_certos"": 6, ""duelos_chao_pct"": 38.636363636364, ""duelos_perdidos"": 80, ""faltas_sofridas"": 18, ""frequencia_gols"": 88.333333333333, ""gols_pe_direito"": 8, ""jogos_avaliados"": 21, ""minutos_jogados"": 1060, ""penaltis_no_gol"": 1, ""posses_perdidas"": 123, ""cartoes_amarelos"": 3, ""dribles_sofridos"": 6, ""dribles_tentados"": 22, ""faltas_cometidas"": 14, ""gols_dentro_area"": 10, ""gols_pe_esquerdo"": 3, ""passes_decisivos"": 19, ""cruzamentos_total"": 4, ""duelos_aereos_pct"": 21.212121212121, ""duelos_ganhos_pct"": 33.884297520661, ""lancamentos_total"": 7, ""passes_certos_pct"": 76.5, ""penaltis_cobrados"": 2, ""penaltis_sofridos"": 2, ""recuperacoes_bola"": 20, ""conversao_gols_pct"": 27.906976744186, ""conversao_penaltis"": 50, ""dribles_certos_pct"": 36.363636363636, ""duelos_chao_ganhos"": 34, ""lancamentos_certos"": 6, ""desarmes_certos_pct"": 66.666666666667, ""finalizacoes_no_gol"": 26, ""passes_campo_ataque"": 155, ""passes_campo_defesa"": 49, ""duelos_aereos_ganhos"": 7, ""jogos_sem_sofrer_gol"": 1, ""passes_cavados_certos"": 11, ""duelos_aereos_perdidos"": 26, ""finalizacoes_fora_area"": 7, ""finalizacoes_para_fora"": 4, ""gols_mais_assistencias"": 18, ""lancamentos_certos_pct"": 85.714285714286, ""tentativas_assistencia"": 19, ""gols_sofridos_fora_area"": 1, ""grandes_chances_criadas"": 3, ""finalizacoes_dentro_area"": 36, ""grandes_chances_perdidas"": 11, ""gols_sofridos_dentro_area"": 2, ""passes_terco_final_certos"": 70, ""recuperacoes_terco_ataque"": 8, ""passes_campo_ataque_certos"": 110, ""passes_campo_defesa_certos"": 43}",,0,,0,0,0,,,0,0,0,
44,10,0,0,0.00,0,0,0.000,0.000,0.000,0,0.00,0,0.00,0,0,0,0.000,0,0,0,0.00,0,0,0,0.00,0,0.00,0,0,0,0,0,0,0,0.00,0,0,0.000,0,0,0,0,0.000,0.000,0.000,Brasileirão 2025,2025-12-07 02:32:08.171762,"{""id"": 2099559, ""xa"": 2.67692007, ""xg"": 3.8694, ""gols"": 4, ""tipo"": ""overall"", ""jogos"": 21, ""cortes"": 8, ""toques"": 970, ""desarmes"": 26, ""bloqueios"": 22, ""desarmado"": 19, ""nota_media"": 7.1809523809524, ""nota_total"": 150.8, ""gols_cabeca"": 1, ""assistencias"": 5, ""finalizacoes"": 47, ""impedimentos"": 2, ""passes_total"": 636, ""duelos_ganhos"": 84, ""gols_sofridos"": 12, ""passes_certos"": 532, ""titularidades"": 19, ""bolas_na_trave"": 1, ""dribles_certos"": 31, ""interceptacoes"": 3, ""passes_cavados"": 35, ""passes_errados"": 104, ""selecao_rodada"": 2, ""bloqueios_linha"": 2, ""desarmes_certos"": 17, ""duelos_chao_pct"": 49.350649350649, ""duelos_perdidos"": 87, ""faltas_sofridas"": 19, ""frequencia_gols"": 351.5, ""gols_pe_direito"": 2, ""jogos_avaliados"": 21, ""minutos_jogados"": 1406, ""posses_perdidas"": 227, ""cartoes_amarelos"": 1, ""dribles_sofridos"": 22, ""dribles_tentados"": 56, ""faltas_cometidas"": 15, ""gols_dentro_area"": 4, ""gols_pe_esquerdo"": 1, ""passes_decisivos"": 28, ""pre_assistencias"": 2, ""cruzamentos_total"": 47, ""duelos_aereos_pct"": 47.058823529412, ""duelos_ganhos_pct"": 49.122807017544, ""lancamentos_total"": 24, ""passes_certos_pct"": 83.647798742138, ""recuperacoes_bola"": 53, ""conversao_gols_pct"": 8.5106382978723, ""cruzamentos_certos"": 11, ""dribles_certos_pct"": 55.357142857143, ""duelos_chao_ganhos"": 76, ""lancamentos_certos"": 16, ""desarmes_certos_pct"": 65.384615384615, ""finalizacoes_no_gol"": 14, ""passes_campo_ataque"": 510, ""passes_campo_defesa"": 155, ""duelos_aereos_ganhos"": 8, ""jogos_sem_sofrer_gol"": 1, ""passes_cavados_certos"": 25, ""cruzamentos_certos_pct"": 23.404255319149, ""duelos_aereos_perdidos"": 9, ""finalizacoes_fora_area"": 10, ""finalizacoes_para_fora"": 11, ""gols_mais_assistencias"": 9, ""lancamentos_certos_pct"": 66.666666666667, ""tentativas_assistencia"": 26, ""gols_sofridos_fora_area"": 2, ""grandes_chances_criadas"": 4, ""finalizacoes_bola_parada"": 1, ""finalizacoes_dentro_area"": 37, ""grandes_chances_perdidas"": 7, ""gols_sofridos_dentro_area"": 10, ""passes_terco_final_certos"": 246, ""recuperacoes_terco_ataque"": 10, ""passes_campo_ataque_certos"": 393, ""passes_campo_defesa_certos"": 134}",,0,,0,0,0,,,0,0,0,
45,15,0,0,0.00,0,0,0.000,0.000,0.000,0,0.00,0,0.00,0,0,0,0.000,0,0,0,0.00,0,0,0,0.00,0,0.00,0,0,0,0,0,0,0,0.00,0,0,0.000,0,0,0,0,0.000,0.000,0.000,Brasileirão 2025,2025-12-07 02:32:09.405365,"{""id"": 2099555, ""xa"": 1.52716914, ""xg"": 1.3449, ""tipo"": ""overall"", ""jogos"": 16, ""cortes"": 18, ""toques"": 943, ""desarmes"": 34, ""bloqueios"": 6, ""desarmado"": 11, ""nota_media"": 7.0875, ""nota_total"": 113.4, ""assistencias"": 2, ""finalizacoes"": 22, ""passes_total"": 766, ""duelos_ganhos"": 58, ""gols_sofridos"": 14, ""passes_certos"": 689, ""titularidades"": 12, ""bolas_na_trave"": 1, ""dribles_certos"": 5, ""interceptacoes"": 18, ""passes_cavados"": 63, ""passes_errados"": 77, ""bloqueios_linha"": 5, ""desarmes_certos"": 24, ""duelos_chao_pct"": 44, ""duelos_perdidos"": 70, ""faltas_sofridas"": 5, ""jogos_avaliados"": 16, ""minutos_jogados"": 1159, ""posses_perdidas"": 108, ""cartoes_amarelos"": 3, ""dribles_sofridos"": 13, ""dribles_tentados"": 8, ""faltas_cometidas"": 30, ""passes_decisivos"": 23, ""cruzamentos_total"": 11, ""duelos_aereos_pct"": 50, ""duelos_ganhos_pct"": 45.3125, ""lancamentos_total"": 32, ""passes_certos_pct"": 89.947780678851, ""recuperacoes_bola"": 58, ""cruzamentos_certos"": 5, ""dribles_certos_pct"": 62.5, ""duelos_chao_ganhos"": 44, ""lancamentos_certos"": 19, ""desarmes_certos_pct"": 70.588235294118, ""finalizacoes_no_gol"": 3, ""passes_campo_ataque"": 467, ""passes_campo_defesa"": 305, ""duelos_aereos_ganhos"": 14, ""jogos_sem_sofrer_gol"": 3, ""passes_cavados_certos"": 43, ""cruzamentos_certos_pct"": 45.454545454545, ""duelos_aereos_perdidos"": 14, ""finalizacoes_fora_area"": 15, ""finalizacoes_para_fora"": 13, ""gols_mais_assistencias"": 2, ""lancamentos_certos_pct"": 59.375, ""tentativas_assistencia"": 23, ""gols_sofridos_fora_area"": 2, ""grandes_chances_criadas"": 1, ""finalizacoes_bola_parada"": 1, ""finalizacoes_dentro_area"": 7, ""grandes_chances_perdidas"": 1, ""gols_sofridos_dentro_area"": 12, ""passes_terco_final_certos"": 167, ""recuperacoes_terco_ataque"": 5, ""passes_campo_ataque_certos"": 401, ""passes_campo_defesa_certos"": 288}",,0,,0,0,0,,,0,0,0,
46,4,0,0,0.00,0,0,0.000,0.000,0.000,0,0.00,0,0.00,0,0,0,0.000,0,0,0,0.00,0,0,0,0.00,0,0.00,0,0,0,0,0,0,0,0.00,0,0,0.000,0,0,0,0,0.000,0.000,0.000,Brasileirão 2025,2025-12-07 02:32:12.113672,"{""id"": 1906228, ""xa"": 1.01574396, ""xg"": 1.8811, ""gols"": 1, ""tipo"": ""overall"", ""jogos"": 17, ""toques"": 269, ""desarmes"": 4, ""bloqueios"": 5, ""desarmado"": 8, ""nota_media"": 6.7588235294118, ""nota_total"": 114.9, ""assistencias"": 2, ""finalizacoes"": 18, ""impedimentos"": 5, ""passes_total"": 131, ""duelos_ganhos"": 42, ""gols_sofridos"": 7, ""passes_certos"": 105, ""titularidades"": 4, ""dribles_certos"": 12, ""interceptacoes"": 3, ""passes_cavados"": 11, ""passes_errados"": 26, ""desarmes_certos"": 4, ""duelos_chao_pct"": 55.882352941176, ""duelos_perdidos"": 45, ""faltas_sofridas"": 22, ""frequencia_gols"": 455, ""gols_pe_direito"": 1, ""jogos_avaliados"": 17, ""minutos_jogados"": 455, ""posses_perdidas"": 83, ""segundo_amarelo"": 1, ""cartoes_amarelos"": 3, ""dribles_sofridos"": 3, ""dribles_tentados"": 23, ""faltas_cometidas"": 10, ""gols_dentro_area"": 1, ""passes_decisivos"": 15, ""cartoes_vermelhos"": 1, ""cruzamentos_total"": 9, ""duelos_aereos_pct"": 21.052631578947, ""duelos_ganhos_pct"": 48.275862068966, ""lancamentos_total"": 8, ""passes_certos_pct"": 80.152671755725, ""recuperacoes_bola"": 20, ""conversao_gols_pct"": 5.5555555555556, ""cruzamentos_certos"": 1, ""dribles_certos_pct"": 52.173913043478, ""duelos_chao_ganhos"": 38, ""lancamentos_certos"": 4, ""desarmes_certos_pct"": 100, ""finalizacoes_no_gol"": 4, ""passes_campo_ataque"": 115, ""passes_campo_defesa"": 22, ""duelos_aereos_ganhos"": 4, ""passes_cavados_certos"": 5, ""cruzamentos_certos_pct"": 11.111111111111, ""duelos_aereos_perdidos"": 15, ""finalizacoes_fora_area"": 5, ""finalizacoes_para_fora"": 9, ""gols_mais_assistencias"": 3, ""lancamentos_certos_pct"": 50, ""tentativas_assistencia"": 15, ""grandes_chances_criadas"": 2, ""finalizacoes_bola_parada"": 1, ""finalizacoes_dentro_area"": 13, ""grandes_chances_perdidas"": 3, ""gols_sofridos_dentro_area"": 7, ""passes_terco_final_certos"": 49, ""recuperacoes_terco_ataque"": 6, ""passes_campo_ataque_certos"": 83, ""passes_campo_defesa_certos"": 20}",,0,,0,0,0,,,0,0,0,
